row_number,user_id,score,address,Key_UserLog
1,596,2803,0x7d9fb540504d8f277099472b89113485f712c546,"R0,27,9 - R0,44,8 - R1,54,6 - R2,72,5 - R3,71,6 - R3,76,6 - R4,66,7 - R4,93,7 - R5,88,7 - R6,74,8 - R5,91,13 - R3,55,6 - R6,80,10 - R7,73,8 - R7,77,10 - R8,54,8 - R8,60,7 - R3,36,7 - R6,67,6 - R3,55,5 - R7,89,9 - R5,59,6 - R6,72,10 - R6,102,11 - R5,115,12 - R6,119,10 - R1,64,6 - R0,45,7 - R3,89,9 - R2,79,10 - R3,90,9 - R8,129,12 - R7,64,11 - R7,124,15 - R9,89,13 - R4,120,12 - R3,102,12 - R3,96,15 - R2,99,13 - R1,77,12 - R0,59,7 - R9,78,12 - R9,83,10 - R10,86,5 - R11,98,12 - R12,80,8 - R13,78,7 - R13,113,9 - R14,97,8 - R15,44,7 - R15,49,6 - R15,37,7 - R9,127,12 - R10,99,9 - R10,128,13 - R11,70,7 - R5,116,17 - R5,126,18 - R3,112,13 - R5,132,15 - R4,108,14 - R4,112,12 - R6,120,14 - R6,135,17 - R11,130,12 - R12,91,10 - R12,114,10 - R14,77,6 - R14,93,7 - R14,108,9 - R3,91,13 - R4,126,13 - R3,97,10 - R2,91,15 - R15,80,6 - R15,60,7 - R15,101,8 - R16,82,10 - R16,96,8 - R17,0,7 - R17,74,8 - R17,54,9 - R17,49,8 - R17,37,6 - R17,76,10 - R17,81,8 - R0,55,6 - R0,59,6 - R1,76,10 - R2,99,13 - R3,62,11 - R3,117,17 - R4,121,16 - R6,148,16 - R5,143,18 - R6,134,13 - R4,132,16 - R7,128,12 - R7,151,14 - R8,111,8 - R17,93,8 - R18,0,5 - R18,0,5 - R18,50,8 - R18,81,9 - R18,60,7 - R18,85,9 - R19,57,8 - R19,43,9 - R19,79,8 - R19,27,6 - R19,78,10 - R19,72,5 - R19,95,7 - R18,69,9 - R18,101,7 - R8,123,14 - R8,116,10 - R8,136,15 - R6,159,16 - R5,147,18 - R9,131,14 - R9,120,11 - R0,59,7 - R1,79,8 - R2,98,12 - R3,119,15 - R4,139,15 - R5,157,18 - R8,140,16 - R8,136,14 - R8,76,15 - R8,145,15 - R8,137,13 - R9,112,12 - R5,159,17 - R7,140,16 - R8,153,16 - R8,164,15 - R7,143,15 - R7,162,15 - R9,110,10 - R9,133,13 - R9,131,11 - R9,125,12 - R9,146,12 - R10,132,12 - R10,134,10 - R10,132,12 - R10,137,12 - R11,136,12 - R12,111,9 - R13,92,8 - R13,133,9 - R14,88,9 - R14,89,9 - R12,132,11 - R14,106,7 - R14,97,9 - R15,99,9 - R16,100,9 - R17,77,11 - R17,75,6 - R17,105,9 - R18,92,10 - R18,69,7 - R18,78,6 - R6,161,16 - R6,152,16 - R6,171,17 - R5,132,17 - R5,152,17 - R0,59,5 - R1,79,7 - R2,87,7 - R5,150,16 - R5,157,17 - R5,159,18 - R18,87,8 - R5,156,16 - R18,66,5 - R18,82,8 - R9,137,12 - R9,151,14 - R10,137,13 - R10,141,13 - R10,141,11 - R7,138,16 - R7,162,16 - R18,113,8 - R17,104,8 - R19,94,7 - R19,104,7 - R17,68,5 - R17,92,6 - R11,124,9 - R5,159,17 - R19,77,5 - R11,115,8 - R17,86,5 - R5,150,12 - R5,157,17 - R17,67,5 - R17,90,8 - R17,102,8 - R17,108,8 - R17,124,8 - R16,86,7 - R15,114,8 - R16,119,8 - R14,104,8 - R18,85,8 - R14,118,9 - R19,49,6 - R18,74,5 - "
2,513,2748,0x246e3e91c8f3db1326563800d6d28aa27c7ccf40,"R0,40,10 - R1,46,8 - R0,20,5 - R0,43,5 - R2,76,6 - R3,40,6 - R4,23,4 - R4,64,7 - R5,62,6 - R6,57,5 - R7,76,10 - R7,61,6 - R5,94,9 - R3,96,12 - R8,64,7 - R6,81,7 - R9,70,9 - R7,104,8 - R10,34,3 - R9,29,5 - R8,80,7 - R4,97,10 - R10,69,6 - R1,42,10 - R9,108,9 - R11,90,9 - R12,85,8 - R13,60,4 - R13,81,9 - R14,78,8 - R10,101,10 - R6,118,15 - R8,131,13 - R14,36,6 - R14,86,5 - R15,10,4 - R11,115,11 - R2,80,12 - R1,61,6 - R13,115,10 - R5,123,15 - R12,94,10 - R15,40,7 - R15,84,7 - R15,85,8 - R16,54,7 - R16,64,7 - R12,112,11 - R16,2,7 - R7,125,15 - R0,44,5 - R1,64,7 - R16,82,9 - R16,20,7 - R16,83,6 - R16,71,8 - R16,72,8 - R16,87,8 - R17,68,7 - R17,42,10 - R10,55,9 - R17,90,7 - R18,75,7 - R18,100,10 - R19,44,9 - R19,64,8 - R19,68,7 - R19,47,7 - R19,82,7 - R19,42,6 - R19,50,9 - R19,105,6 - R6,122,13 - R10,66,10 - R10,102,11 - R4,107,17 - R17,107,8 - R16,98,8 - R15,121,9 - R10,113,10 - R12,94,8 - R14,112,9 - R16,74,5 - R0,20,5 - R9,120,9 - R16,83,7 - R5,126,11 - R6,139,13 - R7,138,14 - R12,128,11 - R10,119,12 - R16,89,8 - R16,111,9 - R18,32,5 - R18,108,9 - R10,128,13 - R11,111,8 - R11,139,12 - R8,131,11 - R9,128,12 - R9,139,13 - R10,111,10 - R10,137,12 - R8,101,9 - R13,101,9 - R13,106,9 - R6,136,14 - R6,138,13 - R8,97,9 - R8,130,14 - R12,119,8 - R8,145,15 - R7,152,16 - R3,86,15 - R3,94,8 - R4,109,10 - R12,129,10 - R13,109,8 - R13,110,9 - R9,127,13 - R16,97,8 - R0,55,8 - R1,75,7 - R2,93,8 - R3,118,11 - R4,122,10 - R5,150,16 - R6,166,15 - R8,142,14 - R7,141,14 - R10,117,10 - R7,161,15 - R8,154,13 - R13,125,10 - R14,112,8 - R9,130,13 - R0,59,7 - R1,78,8 - R2,94,9 - R3,119,10 - R14,104,6 - R9,146,14 - R8,137,13 - R10,138,13 - R8,139,14 - R14,107,9 - R5,158,18 - R1,78,6 - R2,94,9 - R4,139,15 - R8,145,11 - R9,128,12 - R10,120,11 - R8,135,10 - R13,111,10 - R19,108,9 - R16,103,8 - R13,109,9 - R9,154,14 - R9,154,14 - R9,134,11 - R10,135,12 - R10,140,12 - R9,140,13 - R2,98,7 - R3,116,12 - R4,130,10 - R4,138,15 - R7,149,14 - R9,128,10 - R9,139,11 - R9,137,13 - R4,137,12 - "
3,509,2692,0x9730299b10a30bdbaf81815c99b4657c685314ab,"R0,41,5 - R1,55,9 - R2,77,9 - R3,53,6 - R4,101,12 - R5,109,12 - R3,93,9 - R6,113,14 - R1,57,6 - R7,80,7 - R8,116,12 - R5,110,12 - R9,61,8 - R10,103,8 - R9,94,12 - R3,87,5 - R7,110,6 - R11,70,8 - R12,80,8 - R13,18,6 - R9,110,12 - R11,105,12 - R13,82,6 - R12,89,8 - R10,87,7 - R0,46,6 - R1,64,5 - R2,79,7 - R14,95,7 - R15,80,7 - R13,99,7 - R15,54,4 - R15,68,6 - R15,80,6 - R15,40,8 - R15,106,8 - R16,44,6 - R16,78,9 - R16,84,9 - R16,82,8 - R16,80,9 - R16,79,6 - R16,80,6 - R16,66,5 - R16,93,8 - R17,9,6 - R17,65,7 - R17,73,8 - R17,81,7 - R17,66,7 - R17,97,8 - R18,59,4 - R18,67,5 - R12,106,10 - R10,115,13 - R5,104,10 - R5,126,15 - R6,129,15 - R4,110,9 - R18,32,3 - R18,71,9 - R7,144,15 - R8,133,15 - R9,108,12 - R18,66,5 - R18,96,6 - R19,90,8 - R9,120,10 - R3,95,8 - R6,108,11 - R11,133,12 - R10,125,12 - R14,101,8 - R16,81,8 - R0,58,5 - R1,76,5 - R2,95,8 - R3,115,12 - R4,128,14 - R5,133,13 - R6,135,14 - R8,139,13 - R14,88,7 - R9,133,13 - R13,102,10 - R12,130,11 - R13,111,8 - R19,91,8 - R6,123,11 - R3,119,15 - R6,136,14 - R4,130,16 - R4,138,16 - R5,152,18 - R4,135,16 - R16,85,6 - R13,104,9 - R10,135,13 - R16,78,7 - R16,89,9 - R16,103,9 - R6,131,15 - R4,137,13 - R5,154,18 - R9,126,13 - R9,141,13 - R6,128,12 - R14,93,9 - R14,104,9 - R13,114,10 - R15,90,6 - R4,129,13 - R6,140,14 - R7,132,14 - R6,142,14 - R13,119,10 - R13,121,10 - R7,155,16 - R6,141,12 - R15,83,9 - R2,99,9 - R8,131,13 - R6,141,12 - R8,143,14 - R7,133,15 - R5,137,16 - R6,157,14 - R8,138,11 - R11,114,7 - R15,98,9 - R15,100,8 - R11,123,9 - R7,140,13 - R15,88,8 - R15,108,8 - R5,158,17 - R3,119,12 - R5,138,17 - R13,126,10 - R5,133,15 - R14,94,8 - R12,120,9 - R7,142,13 - R14,108,9 - R19,96,7 - R16,89,8 - R16,102,7 - R10,139,12 - R8,117,13 - R7,130,12 - R14,121,9 - R7,122,14 - R7,124,11 - R0,58,3 - R10,149,13 - R11,121,10 - R11,109,10 - R5,152,17 - R7,129,15 - R7,144,15 - R5,146,13 - R3,119,14 - R0,59,4 - R7,164,16 - R5,153,17 - R13,130,10 - R8,128,9 - R11,139,11 - R12,126,10 - R12,123,9 - R12,119,11 - "
4,612,2685,0x3d3d9e2f292ab523d2c518813be4416d1d641621,"R0,47,5 - R0,42,6 - R1,37,5 - R0,42,6 - R0,44,7 - R0,44,7 - R2,55,6 - R3,40,5 - R3,77,8 - R3,79,5 - R4,100,8 - R4,112,9 - R3,89,8 - R5,110,11 - R6,99,10 - R7,110,9 - R6,125,12 - R5,93,12 - R3,92,7 - R2,66,6 - R1,56,7 - R5,116,15 - R8,132,13 - R9,124,8 - R10,92,8 - R10,115,11 - R11,74,6 - R11,117,10 - R11,126,10 - R12,94,11 - R12,104,8 - R12,120,10 - R13,115,10 - R14,94,9 - R15,76,7 - R15,89,9 - R16,38,5 - R16,80,5 - R16,89,7 - R17,32,5 - R17,85,8 - R18,101,7 - R19,87,6 - R0,58,7 - R1,74,7 - R2,83,6 - R3,116,11 - R4,133,14 - R5,142,15 - R6,147,14 - R7,120,10 - R8,141,13 - R7,143,14 - R9,136,11 - R10,128,12 - R13,122,10 - R12,118,9 - R11,116,10 - R0,58,8 - R1,74,6 - R2,90,6 - R2,98,9 - R1,78,7 - R0,58,6 - R2,53,9 - R2,97,8 - R14,87,6 - R14,113,9 - R15,104,8 - R15,106,8 - R16,79,6 - R16,101,9 - R17,88,7 - R19,89,8 - R11,98,10 - R11,145,12 - R10,144,11 - R12,136,10 - R9,132,12 - R13,87,8 - R13,120,9 - R3,118,9 - R4,122,11 - R4,137,16 - R5,147,17 - R9,137,13 - R7,136,14 - R7,156,14 - R4,137,15 - R5,153,14 - R6,155,15 - R9,136,10 - R13,119,9 - R19,81,5 - R8,158,15 - R9,140,12 - R9,140,12 - "
5,541,2683,0x982ebcde433607266e8c22a8d348a1cce2eddc21,"R0,36,6 - R1,29,5 - R1,46,4 - R2,46,7 - R3,84,10 - R4,54,5 - R4,87,7 - R5,64,5 - R5,111,7 - R6,79,9 - R6,117,13 - R7,122,10 - R8,96,7 - R9,133,13 - R10,81,6 - R11,102,9 - R12,63,5 - R12,87,9 - R3,91,10 - R2,79,7 - R13,64,6 - R11,72,6 - R10,98,9 - R13,105,8 - R14,34,7 - R14,88,7 - R15,58,6 - R15,68,7 - R12,62,8 - R12,106,10 - R11,98,9 - R15,62,5 - R15,46,7 - R15,87,7 - R16,99,8 - R17,54,7 - R17,76,6 - R17,62,4 - R17,68,6 - R17,71,6 - R17,86,9 - R18,72,6 - R18,64,7 - R18,79,6 - R18,83,9 - R18,90,9 - R19,57,5 - R0,36,5 - R0,41,5 - R1,47,4 - R1,62,5 - R4,99,12 - R10,112,9 - R8,115,12 - R8,104,11 - R8,124,12 - R10,112,11 - R11,121,11 - R0,52,6 - R1,77,7 - R2,82,7 - R2,97,9 - R10,104,8 - R10,120,10 - R12,102,7 - R14,118,9 - R15,101,9 - R1,74,10 - R3,101,14 - R4,132,16 - R5,123,15 - R3,114,15 - R3,118,14 - R5,145,17 - R5,138,16 - R17,80,7 - R0,58,6 - R6,160,16 - R7,135,14 - R7,149,15 - R7,148,13 - R8,123,11 - R7,148,15 - R8,128,11 - R10,132,11 - R12,100,8 - R12,98,9 - R12,113,7 - R12,124,11 - R13,104,10 - R13,130,10 - R15,88,8 - R15,92,10 - R15,100,9 - R16,74,5 - R16,98,7 - R19,61,6 - R19,61,6 - R19,96,7 - R8,155,14 - R9,144,14 - R11,112,7 - R4,129,11 - R5,129,12 - R5,153,16 - R2,97,10 - R2,91,10 - R2,96,7 - R7,138,13 - R7,112,12 - R7,145,13 - R0,59,6 - R1,78,7 - R3,115,11 - R4,117,13 - R4,136,11 - R5,121,9 - R5,142,11 - R11,134,12 - R12,144,11 - R15,64,5 - R7,132,13 - R7,147,13 - R7,127,13 - R7,145,14 - R10,104,6 - R10,124,12 - R17,51,5 - R17,81,6 - R15,94,7 - R15,78,7 - R17,75,5 - R15,83,6 - R15,112,8 - R17,105,9 - R10,139,13 - R7,136,12 - R7,140,12 - R7,140,14 - R7,134,10 - R19,81,9 - R19,92,6 - R11,133,11 - R5,136,13 - R5,130,11 - R1,54,7 - R1,79,7 - R3,118,15 - R5,137,14 - "
6,591,2670,0x75bbecbc4fa323d304e41dd383f1f1878288db00,"R0,24,7 - R1,31,9 - R2,54,11 - R3,35,8 - R0,34,9 - R1,61,16 - R1,27,7 - R3,62,12 - R1,59,12 - R4,67,13 - R5,47,9 - R0,30,10 - R6,46,8 - R7,63,12 - R8,68,8 - R6,90,13 - R9,64,10 - R10,63,6 - R0,33,8 - R0,47,9 - R1,52,10 - R2,64,9 - R3,41,9 - R4,82,10 - R5,73,10 - R7,68,12 - R9,99,11 - R10,65,9 - R11,16,5 - R5,109,13 - R3,91,14 - R0,45,8 - R7,89,11 - R6,104,13 - R6,98,12 - R8,110,13 - R7,82,14 - R11,122,12 - R12,105,11 - R10,91,10 - R13,75,9 - R10,97,9 - R2,84,12 - R9,121,14 - R7,107,13 - R13,73,8 - R13,95,9 - R14,29,7 - R6,116,13 - R3,113,17 - R1,73,11 - R0,56,7 - R1,76,13 - R13,89,9 - R14,75,9 - R4,114,13 - R6,46,11 - R6,115,14 - R7,75,7 - R14,29,8 - R14,69,6 - R14,55,8 - R14,86,9 - R10,79,11 - R7,74,13 - R2,98,8 - R4,138,16 - R7,138,16 - R15,64,5 - R3,102,14 - R15,91,8 - R16,52,6 - R3,119,14 - R5,140,17 - R6,110,13 - R6,162,18 - R8,65,12 - R13,115,10 - R7,128,15 - R8,144,14 - R9,65,10 - R10,119,11 - R12,108,11 - R12,108,11 - R16,49,8 - R16,23,6 - R16,60,10 - R16,56,7 - R16,69,7 - R12,90,11 - R12,115,11 - R16,73,9 - R16,75,9 - R0,40,11 - R0,54,12 - R16,108,9 - R17,86,9 - R18,59,8 - R18,85,8 - R19,37,7 - R6,153,16 - R7,128,14 - R19,84,9 - R19,109,8 - R7,150,15 - R5,126,16 - R5,145,17 - R5,134,18 - R5,154,15 - R5,158,18 - R0,59,6 - R6,160,16 - R8,125,13 - R8,149,15 - R11,132,12 - R12,84,10 - R12,129,11 - R13,114,10 - R13,118,10 - R13,119,9 - R13,115,9 - R6,163,17 - R6,152,17 - R9,115,13 - R9,145,12 - R10,144,14 - R7,144,16 - R8,152,15 - R9,144,13 - R7,154,15 - R9,110,10 - R14,100,7 - R15,89,7 - R18,118,7 - R10,78,12 - R10,118,12 - R2,95,13 - R17,91,8 - R15,92,9 - R17,120,9 - R16,90,9 - R16,97,10 - R13,95,9 - "
7,539,2643,0x6157730c4f8e2092f601460b836530e3252b3120,"R0,15,6 - R0,18,9 - R0,31,3 - R1,46,3 - R2,63,4 - R3,60,7 - R3,54,11 - R3,56,10 - R3,66,9 - R4,52,8 - R4,55,9 - R4,95,10 - R5,73,6 - R6,83,7 - R7,26,4 - R7,26,4 - R7,59,6 - R8,61,5 - R9,81,6 - R10,82,7 - R1,61,5 - R2,75,5 - R3,88,11 - R5,97,10 - R11,70,6 - R0,45,6 - R0,45,5 - R1,48,5 - R1,63,5 - R2,73,7 - R10,94,7 - R11,77,11 - R7,118,11 - R8,128,12 - R9,96,13 - R1,76,9 - R2,87,13 - R3,97,13 - R5,119,14 - R6,108,12 - R11,91,8 - R4,127,15 - R0,46,7 - R9,98,9 - R6,136,17 - R2,96,12 - R12,79,10 - R13,83,8 - R14,94,7 - R15,102,9 - R10,129,13 - R7,132,16 - R3,93,14 - R12,94,11 - R11,121,11 - R9,119,11 - R16,88,7 - R17,64,7 - R17,64,7 - R17,66,5 - R17,89,9 - R3,114,14 - R18,89,8 - R19,96,8 - R13,83,7 - R9,119,13 - R2,98,11 - R3,116,12 - R4,119,12 - R5,138,17 - R4,138,16 - R7,135,16 - R9,108,9 - R13,106,9 - R12,113,10 - R9,125,14 - R9,127,10 - R3,118,18 - R4,118,16 - R4,138,15 - R5,131,14 - R17,93,7 - R18,73,6 - R18,77,9 - R9,122,13 - R18,82,6 - R18,75,5 - R18,76,5 - R18,104,7 - R16,85,8 - R11,145,12 - R12,123,11 - R13,104,9 - R6,132,16 - R9,152,14 - R0,47,6 - R0,58,8 - R1,79,7 - R2,97,8 - R3,119,14 - R5,152,18 - R6,136,13 - R16,100,8 - R12,124,11 - R14,93,7 - R14,105,9 - R8,151,15 - R7,149,16 - R10,132,13 - R6,141,15 - R10,134,12 - R10,98,9 - R13,110,8 - R13,110,9 - R12,121,12 - R19,76,7 - R19,93,9 - R10,136,13 - R12,122,10 - R13,107,10 - R12,133,10 - R13,119,10 - R13,117,10 - "
8,694,2641,0xf7789fa997beeb4fec6ba288af857a6943743ec7,"R0,34,3 - R0,22,4 - R0,36,3 - R1,52,6 - R1,53,6 - R1,60,6 - R1,70,5 - R1,77,8 - R0,50,4 - R0,32,6 - R0,59,5 - R1,76,6 - R2,79,7 - R2,37,7 - R2,90,7 - R2,96,9 - R2,30,4 - R2,99,8 - R1,59,8 - R3,116,12 - R4,129,16 - R4,126,14 - R4,127,13 - R4,121,15 - R4,135,13 - R4,134,15 - R5,131,12 - R6,138,13 - R7,161,15 - R8,62,8 - R8,136,15 - R9,141,14 - R10,63,8 - R10,130,12 - R11,108,8 - R12,123,10 - R11,122,10 - R11,60,5 - R1,78,5 - R2,78,6 - R3,116,12 - R13,44,7 - R13,102,7 - R13,94,9 - R13,101,10 - R13,98,7 - R13,117,8 - R14,117,9 - R15,102,8 - R16,83,8 - R16,115,9 - R17,71,6 - R17,51,7 - R17,77,7 - R17,88,7 - R18,38,5 - R18,72,6 - R18,95,7 - R19,17,5 - R19,93,7 - R6,160,16 - R6,133,12 - R6,133,16 - R6,151,16 - R5,152,17 - R6,154,16 - R8,127,10 - R8,126,10 - R8,126,11 - R11,111,10 - R11,143,11 - R15,91,5 - R15,94,7 - R4,135,17 - R4,139,17 - R10,142,13 - R9,136,14 - R9,123,11 - "
9,514,2630,0xba39c047714b4ca6244dc433d3ae3924691e0171,"R0,38,6 - R1,34,5 - R2,52,5 - R3,92,10 - R4,101,14 - R5,103,10 - R6,79,6 - R7,79,8 - R8,80,8 - R9,76,6 - R10,92,11 - R11,79,6 - R12,94,7 - R13,94,7 - R14,55,5 - R6,116,11 - R7,131,15 - R8,109,11 - R3,91,9 - R9,134,12 - R10,132,11 - R11,48,6 - R11,67,6 - R8,119,9 - R5,124,12 - R6,119,13 - R11,119,11 - R12,105,10 - R14,88,7 - R15,76,7 - R15,78,8 - R15,97,9 - R16,75,6 - R16,1,8 - R0,47,7 - R1,63,8 - R2,75,9 - R3,90,8 - R4,106,9 - R5,124,11 - R6,118,12 - R6,114,12 - R16,95,7 - R17,86,6 - R18,88,7 - R19,80,6 - R19,59,6 - R19,89,8 - R12,92,10 - R12,117,11 - R12,119,9 - R13,110,8 - R14,111,8 - R15,105,8 - R6,137,14 - R7,141,15 - R8,124,13 - R8,133,11 - R17,58,6 - R6,142,15 - R7,134,13 - R11,114,10 - R11,100,9 - R11,128,10 - R12,115,7 - R13,111,8 - R14,76,6 - R14,96,8 - R16,58,6 - R5,123,16 - R7,153,15 - R8,108,9 - R8,119,10 - R8,56,8 - R8,127,14 - R8,151,14 - R9,128,13 - R17,96,6 - R12,117,13 - R5,128,16 - R9,127,10 - R16,103,8 - R17,77,6 - R17,76,9 - R18,92,7 - R17,85,7 - R17,96,6 - R9,152,14 - R0,59,8 - R1,79,7 - R2,99,8 - R3,119,12 - R4,139,13 - R5,151,16 - R6,146,12 - R6,148,14 - R10,133,12 - R11,141,11 - R12,122,10 - R17,88,7 - R13,109,8 - R15,95,6 - "
10,543,2621,0x7f57a1f24462a233e9e1f8f5f050ab3bc4b8da8e,"R0,46,6 - R1,37,5 - R2,69,5 - R2,55,5 - R3,53,7 - R4,53,5 - R5,80,6 - R0,46,5 - R1,58,7 - R2,56,5 - R0,44,6 - R1,54,9 - R1,51,6 - R2,57,6 - R6,80,7 - R7,100,11 - R8,118,12 - R9,84,9 - R10,30,6 - R10,89,9 - R10,102,12 - R0,45,5 - R1,60,6 - R0,47,5 - R2,37,6 - R2,69,6 - R2,80,6 - R0,59,7 - R1,74,7 - R2,96,12 - R2,96,9 - R0,51,6 - R1,74,6 - R3,118,10 - R4,116,14 - R1,73,6 - R2,88,8 - R3,113,14 - R3,100,9 - R5,111,9 - R1,64,7 - R2,91,8 - R5,66,9 - R9,131,11 - R11,101,9 - R12,96,10 - R13,101,8 - R14,78,8 - R14,87,5 - R15,67,9 - R15,86,9 - R16,67,8 - R16,86,9 - R17,69,5 - R17,77,7 - R17,63,5 - R17,94,7 - R18,71,6 - R18,90,7 - R18,76,6 - R19,52,5 - R1,75,6 - R2,88,9 - R3,116,11 - R2,95,11 - R4,118,14 - R4,134,15 - R5,127,12 - R5,121,15 - R5,145,14 - R6,145,16 - R7,146,16 - R8,132,13 - R3,118,13 - R2,98,10 - R19,71,8 - R19,84,9 - R19,90,8 - R2,98,9 - R3,119,15 - R4,139,18 - R4,125,15 - R4,138,13 - R6,142,16 - R6,151,17 - R10,121,12 - R11,116,11 - R12,124,11 - R13,111,10 - R8,115,12 - R9,111,12 - R9,135,14 - R10,130,12 - R5,155,16 - R6,142,14 - R6,159,16 - R7,138,15 - R11,129,10 - R7,141,16 - R8,142,15 - R8,125,13 - R8,127,13 - R14,86,9 - R13,113,9 - R7,127,15 - R7,144,16 - R4,136,14 - R5,134,14 - R5,151,17 - R8,144,15 - R14,109,9 - R15,92,8 - R15,92,8 - R15,112,9 - R16,99,9 - R16,105,9 - R17,81,6 - R13,122,10 - R14,104,9 - R17,98,8 - R10,127,10 - R13,126,9 - R14,105,8 - R5,132,14 - R17,96,7 - R17,95,9 - R14,99,8 - "
11,750,2605,0xe1690f5153ad0bbc683964aa81645c49b3cf6567,"R0,56,9 - R1,43,5 - R1,73,6 - R2,95,8 - R3,111,9 - R4,97,10 - R4,129,12 - R5,114,12 - R6,125,11 - R7,158,14 - R8,123,9 - R9,144,15 - R10,96,10 - R5,132,12 - R2,98,8 - R11,101,11 - R12,96,6 - R13,65,6 - R0,51,6 - R1,78,5 - R13,66,8 - R10,86,9 - R10,130,12 - R13,96,9 - R8,117,10 - R3,118,10 - R14,63,9 - R5,158,14 - R6,122,10 - R14,85,9 - R15,72,8 - R15,85,8 - R16,52,8 - R0,37,7 - R11,117,12 - R12,118,10 - R0,54,3 - R16,97,9 - R17,61,6 - R17,54,5 - R17,53,6 - R17,69,7 - R14,78,9 - R17,96,7 - R18,64,4 - R4,139,16 - R14,93,7 - R18,61,8 - R13,107,8 - R18,97,7 - R19,50,3 - R6,131,12 - R15,74,8 - R8,123,12 - R0,56,5 - R19,78,9 - R19,90,8 - R8,115,10 - R14,99,10 - R8,125,14 - R8,122,11 - R6,146,16 - R15,88,7 - R14,94,6 - R14,118,9 - R15,79,6 - R6,151,14 - R15,100,7 - R8,129,14 - R15,80,8 - R8,135,12 - R0,58,4 - R1,78,6 - R3,119,10 - R4,127,14 - R15,88,7 - R15,89,7 - R4,122,14 - R8,145,12 - R15,92,8 - R13,120,10 - R10,124,10 - R11,123,10 - R10,143,12 - R12,117,9 - R11,126,12 - R6,151,14 - "
12,551,2599,0xaf2e4590eb15f1297cb52734c807311f0f8bc126,"R0,47,6 - R1,53,6 - R2,50,7 - R2,28,7 - R2,47,6 - R2,68,6 - R0,39,5 - R3,80,8 - R4,111,10 - R2,73,9 - R5,114,12 - R6,57,8 - R1,53,7 - R6,100,10 - R6,70,8 - R6,106,11 - R7,126,14 - R8,117,12 - R8,85,8 - R9,50,7 - R9,82,10 - R9,105,12 - R9,100,8 - R9,64,7 - R10,56,6 - R3,90,14 - R3,80,6 - R1,63,6 - R10,97,11 - R9,100,12 - R10,126,13 - R11,119,11 - R12,76,7 - R6,45,7 - R6,109,13 - R3,91,12 - R12,78,9 - R12,89,9 - R12,101,10 - R6,116,12 - R13,95,8 - R13,102,10 - R13,83,7 - R14,70,9 - R3,95,13 - R14,86,7 - R15,93,8 - R16,54,5 - R16,78,7 - R16,79,9 - R16,66,7 - R14,85,8 - R16,87,6 - R17,83,7 - R6,128,15 - R0,55,4 - R1,79,8 - R2,88,11 - R3,119,12 - R17,96,7 - R18,47,6 - R18,86,7 - R4,133,15 - R5,143,16 - R9,90,10 - R12,102,10 - R9,146,14 - R8,120,12 - R7,69,9 - R19,101,8 - R7,149,13 - R2,96,11 - R8,61,8 - R8,89,9 - R8,134,10 - R12,127,10 - R10,119,9 - R6,137,11 - R13,119,10 - R11,114,9 - R14,81,7 - R10,140,11 - R14,106,7 - R11,129,10 - R6,153,16 - R8,139,13 - R2,99,8 - "
13,555,2572,0x7d20e3ae9a4198c2cfc0e2d1d0bb81cbc41ab0a0,"R0,31,8 - R1,26,5 - R2,41,6 - R3,36,4 - R4,9,3 - R4,33,5 - R4,67,10 - R5,49,4 - R5,62,11 - R6,56,7 - R7,61,9 - R8,1,5 - R1,21,6 - R1,27,7 - R8,2,1 - R8,84,8 - R9,59,9 - R9,62,10 - R10,57,10 - R2,28,3 - R10,53,5 - R10,40,7 - R10,51,8 - R0,47,8 - R1,45,7 - R2,34,4 - R2,73,9 - R3,92,11 - R4,76,7 - R5,85,11 - R6,99,11 - R7,64,9 - R7,74,12 - R3,21,3 - R7,92,10 - R8,95,11 - R9,93,11 - R10,46,10 - R10,83,10 - R11,59,8 - R11,60,9 - R11,58,4 - R11,80,8 - R12,81,8 - R13,66,8 - R13,80,7 - R14,16,3 - R14,75,8 - R14,89,7 - R15,48,4 - R15,65,7 - R15,68,7 - R15,90,7 - R16,44,5 - R4,0,3 - R4,27,9 - R4,56,7 - R5,29,4 - R5,24,3 - R5,17,4 - R16,47,7 - R16,67,8 - R16,58,9 - R16,67,7 - R16,58,4 - R16,65,8 - R16,69,7 - R0,29,5 - R6,42,6 - R16,99,8 - R17,52,5 - R17,62,9 - R17,65,8 - R17,69,5 - R17,72,6 - R7,25,7 - R8,29,5 - R17,73,7 - R17,63,7 - R17,92,8 - R18,73,7 - R18,55,7 - R18,67,5 - R9,29,7 - R10,43,6 - R18,78,8 - R18,82,8 - R18,82,7 - R18,101,7 - R12,52,5 - R13,26,5 - R12,28,5 - R19,93,9 - R2,61,6 - R3,85,8 - R4,87,12 - R2,75,6 - R2,80,10 - R4,106,11 - R5,108,11 - R6,110,10 - R7,118,14 - R8,119,14 - R4,111,13 - R5,125,10 - R6,121,11 - R6,121,13 - R6,141,16 - R7,118,12 - R7,147,13 - R8,113,10 - R8,132,14 - R8,141,15 - R9,120,13 - R10,105,13 - R9,132,13 - R9,122,13 - R16,32,6 - R16,0,6 - R9,111,10 - R9,118,12 - R9,115,14 - R9,122,13 - R9,133,14 - R10,128,13 - R11,109,11 - R11,100,8 - R11,134,12 - R12,115,11 - R13,122,10 - R14,118,9 - R0,33,17 - R0,44,14 - R3,118,9 - R2,99,10 - R1,76,8 - R1,77,6 - R0,59,6 - R0,46,18 - R4,134,14 - R0,39,16 - R0,48,13 - R3,119,11 - R0,45,18 - R1,79,15 - R4,137,13 - R5,155,13 - R6,149,14 - R7,138,16 - R3,82,18 - R1,60,16 - R7,101,13 - R6,98,16 - R6,81,9 - R0,45,13 - R8,119,13 - "
14,563,2559,0x677975399cbd8aa7bd17a4b87c04ed07a85978d4,"R19,80,5 - R0,59,6 - R2,97,9 - R3,119,14 - R4,56,10 - R4,139,17 - R5,159,17 - R6,129,14 - R6,136,15 - R6,126,13 - R6,152,14 - R7,144,15 - R11,117,10 - R12,126,11 - R12,121,10 - R14,88,8 - "
15,691,2542,0x4502eeaa125eb06ff525bfcacdb5483e9678693d,"R0,21,7 - R1,31,4 - R2,53,7 - R3,57,7 - R0,31,9 - R3,56,10 - R4,82,8 - R5,82,11 - R6,82,7 - R7,79,10 - R8,82,8 - R6,91,11 - R3,59,11 - R0,52,8 - R1,72,7 - R2,75,6 - R2,99,11 - R3,104,10 - R4,111,13 - R5,117,12 - R4,134,15 - R3,119,16 - R5,122,13 - R6,127,11 - R7,113,13 - R8,71,12 - R9,30,7 - R9,116,12 - R8,113,13 - R10,118,12 - R11,104,9 - R12,91,8 - R8,130,14 - R16,65,5 - R17,62,7 - R12,105,10 - R12,108,8 - R17,44,4 - R15,102,7 - R16,81,8 - R7,127,16 - R7,148,14 - R11,106,12 - R15,52,5 - R15,93,9 - R15,108,9 - R11,95,6 - R16,23,8 - R16,79,9 - R17,87,7 - R18,60,5 - R16,90,8 - R16,75,8 - R16,84,9 - R18,13,5 - R18,68,7 - R11,124,11 - R13,105,10 - R9,133,14 - R18,78,6 - R5,147,15 - R10,137,13 - R11,134,12 - R6,125,14 - R6,118,14 - R6,153,16 - R10,137,12 - R12,108,11 - R8,122,11 - R8,115,12 - R8,140,15 - R9,134,14 - R18,31,4 - R18,92,6 - R13,105,9 - R14,89,7 - R13,108,9 - R13,94,8 - R13,97,10 - R19,47,4 - R19,90,8 - R16,99,6 - "
16,656,2531,0xdc12a60d22d556ced025ad468536f457dfdc8797,"R0,36,7 - R1,58,5 - R2,34,5 - R3,50,4 - R4,48,7 - R5,39,5 - R5,68,5 - R6,3,5 - R6,54,5 - R7,36,4 - R2,35,7 - R2,54,6 - R3,81,10 - R4,94,13 - R2,67,10 - R6,84,11 - R5,75,12 - R7,86,12 - R8,104,11 - R9,64,6 - R10,60,7 - R10,54,5 - R5,110,12 - R10,69,11 - R11,70,9 - R9,96,12 - R10,92,13 - R12,72,11 - R12,55,8 - R2,76,10 - R6,84,13 - R11,96,8 - R12,65,9 - R12,69,8 - R12,92,11 - R13,89,9 - R14,64,6 - R10,116,13 - R9,91,12 - R14,76,9 - R7,120,16 - R14,45,4 - R14,65,9 - R14,49,5 - R6,81,9 - R6,128,14 - R12,100,11 - R14,75,9 - R14,55,8 - R13,111,10 - R14,42,7 - R14,96,9 - R15,63,5 - R0,58,7 - R1,75,5 - R3,107,16 - R15,55,7 - R15,80,9 - R15,58,9 - R15,66,8 - R15,69,7 - R2,85,9 - R4,130,16 - R5,137,16 - R3,118,13 - R6,122,16 - R2,98,14 - R9,129,13 - R8,120,14 - R8,120,11 - R15,100,8 - R16,14,4 - R16,82,8 - R12,99,7 - R14,109,8 - R12,81,8 - R12,101,10 - R3,116,16 - R7,143,14 - R12,111,11 - R12,90,8 - R12,120,11 - R11,114,11 - R3,118,16 - R16,47,3 - R16,98,8 - R17,66,8 - R17,28,5 - R17,75,6 - R17,45,7 - R15,63,7 - R15,100,8 - R13,116,8 - R14,81,9 - R10,127,11 - R11,123,10 - R3,118,12 - R17,80,6 - R8,123,12 - R10,139,13 - R6,126,11 - R6,143,14 - R8,140,14 - R9,133,13 - R9,132,13 - R4,128,14 - R17,86,8 - R18,82,9 - R18,97,7 - R19,61,6 - R4,136,18 - R9,125,13 - R19,52,7 - R19,62,6 - R19,78,7 - R17,81,6 - R9,126,13 - R17,90,7 - R5,123,13 - R5,123,15 - "
17,515,2511,0x870c597d1b52dfc977169778a591f1170b3a2338,"R0,44,14 - R1,20,8 - R2,27,8 - R3,39,9 - R4,45,10 - R5,30,8 - R5,26,8 - R5,47,7 - R6,0,5 - R6,59,9 - R7,9,10 - R7,51,7 - R8,0,6 - R8,0,6 - R8,51,9 - R8,51,9 - R8,20,6 - R8,79,8 - R9,91,8 - R10,43,6 - R10,11,4 - R10,0,5 - R10,26,4 - R10,36,8 - R10,44,6 - R10,35,7 - R10,53,6 - R10,38,8 - R10,0,8 - R10,70,5 - R11,57,9 - R11,30,5 - R11,52,5 - R11,21,8 - R11,34,6 - R0,52,13 - R0,57,12 - R1,70,13 - R2,94,14 - R3,113,18 - R4,108,14 - R4,85,11 - R4,94,13 - R4,132,17 - R5,125,13 - R5,113,14 - R5,139,14 - R6,131,14 - R6,131,14 - R7,122,16 - R7,121,15 - R8,120,14 - R9,107,14 - R9,64,9 - R9,127,14 - R10,98,10 - R10,97,11 - R11,104,12 - R12,72,9 - R12,100,9 - R11,101,11 - R11,95,9 - R11,114,12 - R13,72,7 - R13,107,8 - R14,64,7 - R14,85,11 - R15,62,9 - R15,23,9 - R15,79,7 - R15,46,7 - R15,78,11 - R14,89,9 - R15,68,9 - R15,39,6 - R15,75,8 - R15,79,7 - R15,31,7 - R15,68,6 - R15,86,9 - R16,50,7 - R16,95,7 - R17,23,6 - R17,66,8 - R17,35,3 - R17,62,6 - R17,79,5 - R17,61,9 - R17,70,7 - R17,14,4 - R17,0,5 - R0,55,5 - R1,62,7 - R7,116,13 - R10,101,9 - R17,65,5 - R17,68,4 - R17,28,5 - R17,23,5 - R17,48,7 - R17,61,7 - R17,64,6 - R17,86,6 - R18,43,6 - R18,63,6 - R18,64,6 - R18,57,7 - R18,65,8 - R18,22,5 - R18,50,6 - R18,63,9 - R18,62,5 - R18,62,5 - R18,98,9 - R19,73,5 - R19,58,6 - R19,90,6 - R1,74,8 - R1,76,6 - R1,79,8 - R0,56,6 - R0,52,5 - R2,98,6 - R2,95,8 - R2,99,8 - R0,57,7 - R0,59,6 - R1,75,6 - R1,77,10 - R1,79,11 - R3,108,14 - R3,113,13 - R3,115,13 - R4,123,13 - R4,123,11 - R4,125,14 - R4,135,15 - R4,128,14 - R4,129,14 - R5,131,14 - R5,138,14 - R4,138,16 - R5,142,15 - R6,125,12 - R6,117,12 - R6,131,11 - R6,138,16 - R7,137,14 - R7,151,14 - R8,127,14 - R8,114,12 - R8,111,11 - R8,128,12 - R8,142,14 - R9,99,11 - R9,100,7 - R9,107,11 - R9,133,12 - R10,93,9 - R10,144,12 - R9,114,10 - R12,111,9 - R12,121,10 - R11,80,7 - R11,122,11 - R13,113,9 - R11,115,9 - "
18,546,2508,0xbedb7059937d6e9562b68a8b40fb3012d4b1e0a0,"R0,47,9 - R0,42,8 - R0,46,6 - R1,56,7 - R2,75,11 - R2,80,8 - R3,86,11 - R4,88,11 - R3,94,12 - R2,73,9 - R5,104,12 - R4,93,11 - R6,109,12 - R6,92,12 - R6,110,16 - R7,85,12 - R4,87,9 - R4,109,14 - R7,106,12 - R5,106,12 - R8,123,13 - R7,121,13 - R9,117,12 - R10,93,11 - R6,115,14 - R11,103,8 - R10,112,13 - R12,94,10 - R5,116,14 - R12,109,11 - R11,107,11 - R10,127,13 - R13,100,9 - R14,81,8 - R14,79,7 - R14,80,10 - R14,83,8 - R14,65,8 - R14,79,8 - R14,88,9 - R15,56,9 - R15,57,5 - R12,108,10 - R11,111,10 - R15,89,9 - R12,101,8 - R16,26,4 - R6,118,14 - R16,69,7 - R16,71,5 - R16,71,8 - R16,66,7 - R16,39,6 - R12,117,11 - R16,112,7 - R17,58,9 - R10,99,10 - R10,112,12 - R11,88,8 - R11,111,10 - R17,83,7 - R14,100,8 - R17,76,8 - R17,56,9 - R11,104,11 - R17,68,6 - R17,103,9 - R11,116,12 - R18,70,9 - R11,113,12 - R18,68,4 - R10,128,11 - R9,137,13 - R5,117,11 - R4,123,15 - R5,132,16 - R18,40,3 - R11,125,12 - R13,114,9 - R7,113,15 - R18,61,10 - R18,52,4 - R7,134,14 - R18,69,5 - R18,81,7 - R8,122,14 - R18,77,6 - R6,125,14 - R8,120,11 - R3,109,13 - R1,69,8 - R2,98,11 - R0,59,7 - R1,79,8 - R3,119,17 - R2,99,11 - R4,137,14 - R5,134,15 - R18,26,5 - R18,52,7 - R6,137,15 - R8,102,7 - R8,140,13 - R18,64,7 - R18,78,5 - R18,84,7 - R18,75,5 - R10,135,12 - R18,80,7 - R18,67,7 - R18,91,9 - R19,51,5 - R19,85,9 - R11,118,9 - R12,53,10 - R12,117,9 - "
19,512,2507,0x96fe6681b5b8be0c5d6e8eb690adec7ecb0831c9,"R0,22,6 - R0,26,7 - R0,39,6 - R1,35,5 - R0,33,5 - R1,64,5 - R1,54,6 - R2,57,7 - R2,63,6 - R2,68,7 - R3,50,4 - R3,91,9 - R4,84,6 - R4,93,11 - R4,102,12 - R4,75,11 - R5,77,6 - R6,88,10 - R6,97,9 - R5,92,11 - R5,65,7 - R7,69,5 - R7,106,10 - R8,82,9 - R8,117,11 - R5,98,7 - R9,90,13 - R9,100,14 - R10,76,9 - R10,89,10 - R11,94,11 - R9,79,8 - R12,0,4 - R9,58,6 - R9,105,11 - R10,96,11 - R12,46,7 - R12,79,9 - R10,102,12 - R7,100,13 - R11,130,12 - R12,79,12 - R12,92,10 - R13,63,9 - R10,86,10 - R13,85,7 - R14,81,8 - R14,43,9 - R14,94,7 - R7,121,14 - R15,73,7 - R15,82,8 - R15,64,7 - R15,78,7 - R15,58,7 - R15,69,7 - R15,83,9 - R15,98,10 - R16,94,9 - R17,61,7 - R17,54,5 - R17,21,8 - R17,54,6 - R17,70,8 - R17,82,8 - R17,77,5 - R17,71,10 - R17,89,8 - R18,89,6 - R19,34,4 - R19,87,9 - R0,45,6 - R1,64,5 - R2,80,6 - R2,79,6 - R3,93,7 - R3,96,6 - R4,111,16 - R4,109,10 - R5,112,12 - R5,110,10 - R5,121,12 - R6,126,16 - R7,126,15 - R7,129,14 - R1,33,4 - R8,127,13 - R9,121,13 - R9,119,12 - R0,47,5 - R9,130,13 - R10,77,7 - R10,126,12 - R12,110,11 - R12,113,10 - R13,104,9 - R13,105,9 - R13,118,10 - R14,101,9 - R0,51,4 - R0,57,6 - R0,59,5 - R1,78,6 - R2,92,6 - R2,97,8 - R3,113,7 - R4,134,11 - R5,144,17 - R6,121,14 - R6,153,16 - R7,115,13 - R7,125,16 - R7,115,14 - R7,129,12 - R7,125,15 - R9,131,13 - R9,142,13 - R10,145,13 - R11,127,12 - R12,115,10 - R15,79,7 - R15,102,9 - R14,97,8 - R16,97,8 - R16,93,7 - "
20,510,2387,0x0F84a7761aC99dBa8270A3cB93a97661F0ebA7Be,"R0,44,8 - R0,46,6 - R0,47,5 - R0,46,8 - R1,62,5 - R0,47,4 - R0,46,4 - R0,46,5 - R0,47,5 - R1,64,7 - R1,64,7 - R1,62,6 - R1,60,5 - R1,63,5 - R1,60,6 - R1,61,7 - R1,62,6 - R1,61,6 - R1,59,8 - R1,53,5 - R1,53,5 - R2,73,7 - R2,69,7 - R2,73,6 - R2,71,8 - R2,76,11 - R2,70,6 - R2,80,7 - R2,72,7 - R2,75,8 - R2,72,8 - R3,89,10 - R3,84,11 - R3,91,13 - R3,81,8 - R3,87,10 - R3,88,9 - R3,88,10 - R3,93,13 - R3,94,9 - R3,93,11 - R3,92,11 - R3,92,8 - R3,94,8 - R3,96,12 - R3,94,13 - R3,95,11 - R4,101,13 - R4,108,12 - R4,105,10 - R4,107,11 - R4,111,10 - R4,109,13 - R4,107,16 - R4,111,12 - R4,89,14 - R4,67,11 - R4,110,11 - R5,124,14 - R5,127,17 - R5,127,16 - R5,129,14 - R6,135,14 - R6,118,14 - R6,136,16 - R6,135,15 - R6,142,16 - R6,140,16 - R6,131,14 - R6,143,16 - R6,106,10 - R6,134,17 - R6,144,13 - R7,134,14 - R7,131,15 - R7,141,16 - R7,147,16 - R7,106,15 - R7,145,16 - R7,148,16 - R7,145,15 - R7,107,16 - R7,139,16 - R7,131,16 - R7,137,14 - R7,102,14 - R7,128,15 - R7,144,16 - R7,93,12 - R7,152,16 - R7,143,15 - R7,82,14 - R8,70,9 - R8,96,13 - R8,90,11 - R8,106,13 - R8,77,12 - R8,103,11 - R8,111,12 - R8,130,15 - R8,110,11 - R8,128,14 - R8,117,14 - R8,145,15 - R8,113,14 - R8,139,14 - R8,137,14 - R8,127,14 - R8,77,12 - R8,149,15 - R8,63,10 - R8,114,11 - R8,93,12 - R8,136,14 - R8,134,11 - R9,102,14 - R9,86,12 - R9,112,12 - R9,71,11 - R9,119,13 - R9,78,12 - R9,61,10 - R9,153,14 - R10,136,13 - R10,146,13 - R10,140,13 - R10,79,12 - R10,130,12 - R10,123,11 - R10,118,10 - R10,118,12 - R10,95,10 - R10,124,13 - R10,134,13 - R11,124,12 - R11,116,10 - R11,88,11 - R11,82,11 - R11,133,12 - R12,103,10 - R12,125,11 - R12,125,11 - R12,125,11 - R12,136,11 - R13,114,10 - R13,120,10 - R13,116,9 - R13,119,10 - R13,111,7 - R14,106,8 - R14,102,9 - R14,93,9 - R14,83,8 - R0,52,8 - R0,56,6 - R0,58,6 - R0,59,6 - R0,59,6 - R0,59,7 - R0,59,8 - R1,74,6 - R1,77,7 - R1,78,9 - R1,79,7 - R2,96,9 - R2,99,12 - R2,98,8 - R2,98,10 - R2,99,9 - R2,99,9 - R1,79,7 - R3,118,13 - R3,118,9 - R3,119,12 - R3,119,14 - R4,128,14 - R4,105,13 - R4,134,16 - R4,129,14 - R4,139,16 - R4,138,13 - R2,98,9 - R3,118,12 - R3,118,15 - R3,119,15 - R4,137,13 - R5,153,17 - R5,138,17 - R5,151,14 - R5,135,15 - R5,152,16 - R5,143,16 - R5,128,14 - R5,149,17 - R5,152,16 - R5,145,16 - R5,151,17 - R5,151,17 - R5,140,16 - R5,88,12 - R5,158,17 - R5,158,17 - R5,151,18 - R5,159,17 - R6,152,16 - R6,151,16 - R6,146,15 - R6,167,16 - R6,160,17 - R6,162,17 - R7,145,16 - R7,152,16 - R7,160,15 - R7,147,14 - R7,153,15 - R7,148,14 - R7,148,14 - R7,146,15 - R7,158,16 - R7,157,15 - R8,125,11 - R8,138,13 - R8,151,14 - R8,157,15 - R8,130,13 - R8,144,13 - R9,142,14 - R9,155,14 - R9,142,13 - R9,151,13 - R9,152,14 - R9,135,13 - R13,103,9 - R10,124,12 - R11,119,12 - R11,140,12 - R13,112,7 - R13,92,10 - R14,114,9 - R14,100,9 - R15,90,8 - R15,108,8 - R16,69,6 - "
21,525,2221,0xa98e714577ad2b41efbcb5f79c3cd663bc806905,"R0,18,13 - R1,63,9 - R2,64,10 - R0,46,11 - R1,64,14 - R2,40,13 - R3,73,13 - R4,89,13 - R5,68,9 - R6,62,11 - R2,47,10 - R6,57,12 - R0,30,7 - R1,40,10 - R7,36,4 - R7,69,7 - R8,56,8 - R6,94,11 - R5,96,10 - R8,56,5 - R3,57,11 - R9,84,8 - R2,48,11 - R7,78,12 - R8,89,12 - R0,25,6 - R10,84,8 - R0,29,12 - R8,79,7 - R3,72,14 - R2,55,12 - R7,118,14 - R8,86,10 - R6,110,16 - R6,82,13 - R11,48,8 - R11,82,9 - R12,78,12 - R13,80,9 - R14,15,2 - R10,78,10 - R8,93,11 - R9,95,12 - R14,60,8 - R14,59,6 - R14,61,8 - R14,69,7 - R12,75,12 - R12,110,10 - R10,75,10 - R8,105,13 - R8,81,11 - R0,37,8 - R1,37,8 - R2,61,13 - R3,65,10 - R4,84,11 - R5,68,11 - R6,78,9 - R7,112,11 - R8,71,10 - R8,107,11 - R0,45,10 - R14,58,8 - R3,80,13 - R11,99,12 - R10,86,7 - R4,109,16 - R3,88,13 - R2,62,12 - R13,77,8 - R2,66,14 - R3,80,11 - R10,90,10 - R9,99,9 - R11,112,12 - R10,86,9 - R10,83,8 - R14,86,9 - R15,84,9 - R13,75,11 - R6,109,12 - R15,57,6 - R10,77,12 - R9,89,8 - R15,57,9 - R15,83,8 - R1,63,10 - R2,63,11 - R2,73,11 - R3,92,14 - R4,71,14 - R4,102,15 - R5,107,12 - R3,95,14 - R6,119,14 - R3,96,15 - R15,70,7 - R10,89,9 - R10,99,10 - R9,109,12 - R15,64,6 - R4,103,17 - R4,112,15 - R10,126,12 - R8,98,10 - R15,89,10 - R5,116,16 - R5,66,13 - R5,123,16 - R16,65,7 - R13,93,7 - R8,134,14 - R6,109,13 - R6,110,13 - R6,122,15 - R4,110,14 - R7,121,14 - R16,76,10 - R14,103,9 - R0,47,8 - R2,76,13 - R2,74,12 - R2,79,13 - R2,79,14 - R9,106,10 - R9,119,15 - R4,100,15 - R4,105,12 - R4,112,16 - R16,63,8 - R16,54,7 - R16,54,7 - R16,71,7 - R0,57,14 - R0,58,10 - R0,59,13 - R1,70,14 - R1,79,11 - R2,88,11 - R3,106,13 - R4,107,11 - R4,115,12 - R2,95,17 - R2,98,13 - R2,99,11 - R0,59,8 - R1,79,11 - R2,96,14 - R3,111,14 - R3,114,13 - R4,122,13 - R5,116,16 - R4,126,14 - R16,60,7 - R5,101,11 - R16,43,8 - R13,93,10 - R13,85,6 - R16,48,8 - R16,48,8 - R15,70,6 - R14,89,9 - R13,87,10 - R13,90,9 - R12,111,9 - R11,92,10 - R0,57,10 - R16,86,9 - R17,44,5 - R5,112,15 - R2,99,11 - R3,114,15 - R17,47,6 - R13,89,9 - R7,108,13 - R9,128,12 - R9,126,13 - R5,136,15 - R6,107,12 - R4,113,15 - R4,113,14 - R17,51,5 - R9,103,11 - R17,58,5 - R10,107,13 - R9,123,13 - R1,79,11 - R1,79,8 - R4,99,8 - R6,124,14 - R7,117,12 - R7,155,14 - R6,127,14 - R6,116,15 - R6,126,14 - R8,113,13 - R6,129,16 - R6,100,10 - R6,133,15 - R6,136,15 - R5,105,11 - R5,142,16 - R4,134,15 - R1,79,11 - R3,118,16 - R3,118,14 - R6,111,14 - R6,130,15 - R8,108,14 - R17,72,6 - R17,60,4 - R17,72,6 - R17,67,5 - R17,80,5 - R17,68,7 - R17,68,5 - R17,63,4 - R17,66,6 - R6,134,11 - R10,101,11 - R10,118,13 - R5,141,18 - R4,135,17 - R6,114,12 - R11,119,11 - R12,95,8 - R10,114,12 - R2,98,14 - "
22,595,2156,0xb4b7623b86633917f62fbbb73bb2883953bb5548,"R0,16,10 - R1,3,14 - R0,16,6 - R0,19,7 - R0,19,7 - R0,23,6 - R1,9,9 - R1,20,6 - R2,65,10 - R3,51,13 - R4,37,8 - R4,37,11 - R2,47,10 - R1,36,15 - R5,11,9 - R5,39,10 - R0,25,15 - R5,32,5 - R5,32,5 - R5,43,5 - R6,32,12 - R6,0,8 - R0,37,17 - R1,51,11 - R0,37,11 - R2,34,13 - R3,34,8 - R4,56,11 - R4,55,11 - R0,17,7 - R0,19,16 - R0,25,13 - R0,37,10 - R0,46,9 - R0,19,7 - R1,40,8 - R1,26,7 - R1,49,8 - R1,56,12 - R1,63,12 - R2,58,10 - R2,56,12 - R3,66,19 - R4,56,11 - R5,83,14 - R4,105,11 - R5,45,9 - R3,55,11 - R5,80,10 - R6,106,12 - R7,51,9 - R7,94,15 - R8,14,8 - R5,54,8 - R3,73,14 - R0,43,14 - R5,123,15 - R3,86,13 - R1,38,10 - R0,35,14 - R1,33,14 - R7,91,8 - R4,96,11 - R7,84,10 - R4,112,13 - R2,82,13 - R1,63,11 - R0,59,13 - R2,87,15 - R3,108,13 - R5,92,9 - R5,123,14 - R6,129,14 - R7,143,12 - R5,118,14 - R2,81,11 - R8,63,7 - R3,103,17 - R2,93,13 - R3,113,10 - R4,101,13 - R9,117,12 - R10,98,12 - R11,56,8 - R11,100,10 - R12,61,8 - R12,78,6 - R13,76,6 - R13,97,9 - R14,59,8 - R14,88,8 - R15,74,13 - R8,86,11 - R15,69,10 - R15,5,7 - R8,73,8 - R5,118,14 - R8,119,14 - R10,136,13 - R12,97,12 - R14,73,9 - R4,98,14 - R1,64,14 - R2,84,12 - R4,105,12 - R8,63,11 - R12,92,11 - R14,95,7 - R0,56,9 - R12,89,7 - R15,82,7 - R9,66,10 - R0,53,8 - R4,108,10 - R2,75,13 - R13,93,10 - R15,30,7 - R0,49,10 - R1,64,7 - R1,78,9 - R0,57,10 - R0,59,10 - R2,97,12 - R2,97,16 - R4,116,10 - R5,133,15 - R6,148,17 - R7,136,16 - R12,92,11 - R0,58,9 - R3,105,13 - R4,110,15 - R5,108,13 - R12,109,13 - R11,95,10 - R8,143,13 - R9,105,10 - R11,98,12 - R12,112,11 - R15,67,9 - R15,73,9 - R0,59,8 - R1,79,11 - R3,113,16 - R15,37,8 - R2,93,10 - R11,112,11 - R15,67,8 - R2,84,15 - R15,84,8 - R15,85,9 - R16,54,10 - R16,67,7 - R16,89,8 - R0,58,8 - R0,59,8 - R1,76,7 - R17,68,10 - R2,78,11 - R2,57,9 - R17,59,9 - R4,114,12 - R4,130,14 - R2,95,12 - R2,99,12 - R4,125,14 - R5,140,14 - R17,82,8 - R5,137,15 - "
23,736,2077,0x579361d2636152df34db1d6dfd343f5037ddc71d,"R0,58,10 - R1,59,10 - R2,66,13 - R3,72,12 - R4,76,11 - R5,82,8 - R6,56,7 - R7,99,7 - R8,44,6 - R0,43,9 - R4,88,12 - R3,82,11 - R8,76,5 - R9,22,4 - R9,63,4 - R6,98,11 - R1,79,11 - R10,67,4 - R11,58,6 - R11,60,4 - R0,42,7 - R5,109,10 - R8,60,7 - R2,68,6 - R11,77,8 - R12,69,5 - R12,2,2 - R12,63,7 - R12,73,7 - R9,90,9 - R2,62,13 - R10,66,8 - R12,57,6 - R10,114,10 - R12,87,9 - R13,82,9 - R14,54,6 - R14,76,8 - R14,89,7 - R15,77,8 - R15,75,6 - R15,33,6 - R15,87,7 - R16,10,4 - R16,11,3 - R16,53,5 - R16,15,4 - R16,84,9 - R16,55,7 - R16,41,6 - R16,33,6 - R16,66,6 - R16,89,8 - R17,51,6 - R17,55,6 - R17,33,8 - R17,10,5 - R17,43,8 - R17,26,9 - R17,35,6 - R17,34,5 - R17,71,7 - R17,17,7 - R11,101,10 - R8,113,11 - R2,86,16 - R0,58,16 - R4,114,12 - R6,104,11 - R9,129,14 - R11,111,12 - R12,100,10 - R13,95,10 - R14,71,6 - R7,133,14 - R6,111,14 - R14,86,8 - R6,132,13 - R3,116,16 - R2,84,18 - R11,105,12 - R14,102,8 - R0,47,18 - R0,54,19 - "
24,726,2067,0x5088f6d7e2b4e8b7c8ba275ca0182a5d5923b765,"R0,52,9 - R1,51,10 - R2,39,13 - R2,62,5 - R1,76,9 - R3,82,11 - R4,47,7 - R2,88,12 - R0,44,9 - R2,68,8 - R4,92,14 - R3,86,13 - R5,70,9 - R3,94,13 - R5,107,12 - R6,105,15 - R5,98,12 - R7,94,13 - R2,72,15 - R3,39,7 - R2,81,11 - R8,85,10 - R4,90,11 - R3,68,9 - R3,102,15 - R1,65,17 - R9,86,13 - R1,56,10 - R3,114,17 - R2,96,10 - R4,103,12 - R4,119,15 - R5,143,15 - R6,108,14 - R7,115,13 - R6,77,10 - R6,147,16 - R10,112,11 - R9,118,10 - R8,129,15 - R11,98,6 - R12,85,10 - R13,117,10 - R14,56,8 - R12,82,10 - R11,72,10 - R2,86,12 - R12,108,11 - R14,89,10 - R15,42,9 - R7,113,11 - R15,85,7 - R16,0,5 - R16,84,10 - R11,110,12 - R16,49,8 - R16,80,10 - R0,58,8 - R1,77,9 - R2,99,15 - R3,116,10 - R4,107,14 - R4,138,15 - R5,135,14 - R4,139,17 - R5,136,17 - R5,143,17 - R7,134,15 - R7,120,12 - R7,142,15 - R8,109,11 - R8,121,12 - R16,62,4 - R8,122,14 - "
25,521,2036,0xd94a33d2791ae1eeb30e2295276f6b82c17c02cb,"R0,33,6 - R1,32,8 - R2,24,7 - R2,32,5 - R3,33,10 - R4,30,5 - R4,35,6 - R5,22,7 - R5,47,11 - R6,10,1 - R6,0,5 - R6,34,7 - R6,0,5 - R6,0,5 - R6,15,4 - R0,47,14 - R1,53,15 - R2,76,10 - R1,63,6 - R0,21,6 - R3,46,6 - R6,24,3 - R4,55,5 - R3,56,4 - R5,50,7 - R6,43,3 - R6,54,8 - R7,51,6 - R4,62,5 - R5,53,4 - R8,51,4 - R3,70,5 - R0,43,8 - R6,50,5 - R8,26,4 - R8,58,5 - R6,46,4 - R5,100,7 - R4,83,5 - R3,69,5 - R6,64,5 - R9,45,3 - R9,67,7 - R10,49,4 - R10,65,6 - R7,64,5 - R6,85,8 - R11,43,3 - R8,65,5 - R10,68,9 - R11,42,3 - R7,71,8 - R11,47,5 - R11,66,7 - R11,71,7 - R12,59,5 - R9,56,6 - R3,94,12 - R8,99,9 - R6,95,6 - R12,46,11 - R9,66,7 - R12,75,9 - R13,75,6 - R13,43,6 - R13,87,7 - R14,59,8 - R10,78,7 - R9,67,8 - R14,73,6 - R0,27,6 - R2,42,6 - R14,90,7 - R15,67,7 - R15,85,7 - R16,24,2 - R9,88,9 - R4,78,9 - R11,90,8 - R7,108,8 - R16,13,3 - R10,90,11 - R8,86,10 - R16,29,6 - R16,12,3 - R9,75,6 - R16,41,5 - R12,80,7 - R4,87,8 - R16,68,6 - R16,66,5 - R16,44,8 - R10,86,9 - R16,55,8 - R16,59,6 - R16,0,3 - R12,98,9 - R10,66,7 - R10,97,8 - R9,100,11 - R16,14,7 - R6,117,14 - R10,77,9 - R15,59,7 - R16,56,7 - R11,80,5 - R10,120,9 - R11,82,11 - R16,32,3 - R11,117,11 - R9,88,11 - R8,107,12 - R4,70,9 - R16,26,5 - R2,58,8 - R13,84,7 - R9,86,9 - R16,52,7 - R16,56,6 - R16,30,4 - R16,71,7 - R16,46,5 - R15,10,3 - R15,68,6 - R13,94,7 - R13,73,10 - R16,10,7 - R16,51,5 - R16,62,9 - R13,93,10 - R16,65,6 - R16,104,9 - R17,74,7 - R17,72,6 - R13,107,9 - R12,100,9 - R12,112,10 - R17,78,10 - R17,72,5 - R9,80,9 - R17,13,10 - R15,65,10 - R17,66,9 - R17,27,6 - R17,89,8 - R18,52,7 - R18,58,8 - R18,73,6 - R18,66,7 - R18,61,8 - "
26,648,2021,0x79d87c8bef0f0620d773983a6be6ddca784ca8a9,"R0,45,5 - R1,55,5 - R2,62,5 - R3,74,12 - R4,90,8 - R5,84,7 - R6,46,5 - R1,61,5 - R6,81,5 - R7,66,12 - R8,22,5 - R8,12,6 - R8,62,5 - R9,22,8 - R3,88,9 - R9,60,5 - R5,127,15 - R7,123,14 - R8,117,12 - R6,115,14 - R4,125,13 - R10,42,10 - R10,86,10 - R11,63,9 - R0,55,8 - R11,70,9 - R12,49,6 - R9,92,6 - R12,71,8 - R12,77,6 - R3,102,15 - R3,112,14 - R3,107,12 - R4,121,15 - R13,24,8 - R9,87,8 - R13,95,10 - R14,62,6 - R14,79,7 - R14,78,6 - R14,68,6 - R14,73,9 - R14,0,6 - R14,84,9 - R14,95,8 - R15,70,8 - R15,89,8 - R16,89,9 - R17,64,6 - R17,68,6 - R9,116,12 - R11,118,12 - R12,113,10 - R2,93,9 - "
27,506,2014,0x4edb4161d16c89b71aec027930a943c3d4cf0777,"R0,24,6 - R1,61,6 - R2,61,6 - R3,28,5 - R3,89,6 - R4,75,5 - R5,91,6 - R6,98,8 - R7,95,7 - R8,87,7 - R9,76,4 - R10,92,5 - R11,79,6 - R12,78,5 - R13,82,5 - R0,37,6 - R2,78,7 - R2,80,8 - R4,68,5 - R14,84,8 - R4,107,9 - R8,112,9 - R9,125,10 - R0,44,4 - R1,57,5 - R5,119,12 - R6,126,12 - R10,86,8 - R7,125,12 - R10,121,11 - R11,79,11 - R11,123,12 - R12,77,10 - R0,59,5 - R1,79,5 - R2,98,7 - R3,118,9 - R4,138,16 - R5,138,14 - R14,97,7 - R15,99,8 - R12,64,7 - R12,115,11 - R8,140,14 - R7,139,13 - "
28,689,2012,0xf48b4c067b4816dbc0a65333e9e81ca6d8a17002,"R0,15,5 - R1,37,7 - R2,62,6 - R3,31,8 - R4,53,9 - R5,28,6 - R5,49,4 - R6,66,5 - R0,43,11 - R1,42,5 - R3,53,4 - R4,74,5 - R5,88,9 - R7,75,5 - R1,76,7 - R0,56,8 - R3,103,11 - R8,56,8 - R9,61,7 - R10,72,5 - R11,91,7 - R12,13,8 - R12,78,9 - R13,20,8 - R13,49,5 - R8,67,10 - R13,81,6 - R14,66,5 - R2,80,12 - R14,85,7 - R6,112,15 - R9,108,12 - R8,76,13 - R4,108,16 - R5,107,17 - R7,105,14 - R10,82,9 - R8,98,10 - R15,58,7 - R15,45,7 - R15,27,8 - R10,100,11 - R12,101,8 - R5,127,16 - R15,65,6 - R15,70,7 - R15,49,5 - R2,98,14 - R15,66,6 - R15,80,8 - R15,65,7 - R15,94,10 - R16,65,7 - R16,87,7 - R17,28,4 - R17,71,5 - R17,45,6 - R17,72,8 - R17,108,8 - R18,12,6 - R18,82,9 - R18,39,5 - "
29,564,2000,0x180f207f8747a966ec94277a69610162d7fa3ff1,"R0,42,9 - R1,56,6 - R2,63,6 - R3,68,7 - R4,85,8 - R5,105,9 - R6,114,11 - R7,96,9 - R8,62,7 - R8,69,7 - R9,115,8 - R10,79,7 - R11,81,6 - R5,119,12 - R12,48,6 - R8,127,13 - R4,99,10 - R12,78,7 - R10,82,8 - R10,72,8 - R10,83,8 - R10,94,11 - R11,78,7 - R13,78,8 - R13,68,4 - R13,62,8 - R13,87,9 - R11,75,9 - R11,103,10 - R14,95,8 - R15,78,6 - R12,75,8 - R12,71,8 - R12,95,9 - R15,88,6 - R16,75,8 - R3,101,8 - R4,124,12 - R16,102,8 - R17,60,7 - R0,58,6 - R1,69,5 - R2,84,6 - R7,120,10 - R17,59,4 - R13,104,10 - "
30,542,1984,0xc89a3292eb0a8396a2505deb6195afa7f83a8a30,"R0,34,10 - R1,47,8 - R2,59,9 - R3,61,8 - R0,43,15 - R3,48,15 - R4,59,7 - R5,68,4 - R4,53,7 - R6,58,5 - R6,63,9 - R1,55,9 - R7,80,9 - R8,49,9 - R6,109,11 - R6,106,9 - R6,113,12 - R6,105,13 - R8,68,9 - R5,96,11 - R6,125,15 - R8,73,8 - R9,43,4 - R7,116,13 - R7,137,13 - R5,126,16 - R9,93,7 - R8,112,12 - R10,82,11 - R11,45,4 - R7,110,10 - R6,85,8 - R11,50,6 - R7,105,10 - R8,68,10 - R7,94,11 - R8,112,10 - R7,89,8 - R9,82,9 - R8,75,5 - R7,130,12 - R7,99,10 - R7,108,13 - R11,109,12 - R12,95,10 - R8,118,12 - R8,109,11 - R8,82,9 - R13,85,7 - R10,70,4 - R9,98,12 - R12,87,9 - R12,101,10 - R14,83,6 - R14,92,9 - R2,88,13 - R13,91,7 - R10,96,10 - R10,116,10 - R11,115,9 - R12,103,10 - R13,83,9 - R3,88,14 - R4,118,14 - R9,95,11 - R15,56,4 - R9,119,13 - R15,88,5 - R16,79,9 - R3,103,12 - R13,98,8 - R16,60,5 - R8,114,10 - R8,131,13 - R8,119,12 - R16,41,4 - R16,14,4 - R16,71,5 - R0,55,10 - R1,78,12 - "
31,712,1948,0xac079748325c21c2fa5cc501e344576749a79e49,"R0,50,15 - R1,79,12 - R2,76,12 - R3,77,8 - R0,56,6 - R4,81,8 - R5,83,13 - R6,111,15 - R7,99,9 - R3,96,11 - R4,129,14 - R5,116,10 - R8,85,9 - R3,108,15 - R5,134,13 - R7,126,11 - R8,125,15 - R9,112,11 - R10,64,12 - R10,107,11 - R11,112,11 - R12,80,10 - R12,112,11 - R13,92,10 - R14,99,7 - R15,71,5 - R3,105,14 - R15,78,5 - R10,76,9 - R15,85,7 - R16,89,8 - "
32,554,1894,0x8b200f4c81c54d9014b4cda3f16501069fa20ab9,"R0,34,12 - R1,32,11 - R2,32,9 - R3,31,9 - R4,40,8 - R5,56,7 - R6,45,5 - R7,50,9 - R8,70,10 - R1,64,16 - R0,36,12 - R2,35,11 - R3,44,11 - R4,59,8 - R2,63,13 - R3,87,16 - R7,89,8 - R6,48,8 - R9,33,9 - R9,32,5 - R9,47,8 - R9,67,8 - R10,21,8 - R10,30,4 - R10,45,7 - R10,67,6 - R11,45,7 - R11,76,11 - R12,17,8 - R12,66,11 - R12,63,6 - R6,141,16 - R0,44,13 - R12,72,8 - R0,46,12 - R12,94,10 - R13,13,6 - R2,78,13 - R4,111,13 - R5,127,18 - R7,63,9 - R8,94,15 - R13,1,5 - R13,86,10 - R14,72,8 - R9,109,14 - R14,39,8 - R0,48,12 - R10,94,12 - R11,79,9 - R3,96,22 - R11,77,11 - R14,42,8 - R14,33,6 - R14,67,10 - R0,58,13 - R1,79,17 - R2,88,13 - R3,96,16 - R7,117,15 - R7,65,11 - R14,101,9 - R15,60,5 - R15,35,10 - R11,99,10 - R12,93,11 - R13,104,10 - R15,56,9 - R15,40,6 - R2,94,15 - R8,137,15 - R3,98,15 - R15,0,4 - R15,0,4 - R15,0,4 - R15,14,6 - R15,50,9 - R15,39,10 - R3,113,18 - R3,113,18 - R15,9,7 - R3,113,18 - R7,143,16 - R9,106,13 - R10,83,13 - R15,72,10 - R10,120,12 - R11,101,12 - R12,112,10 - R15,24,5 - R11,104,10 - "
33,550,1781,0x072b96cf92aa03f453ccfb114a166d11f88a3414,"R0,41,10 - R0,41,9 - R1,47,8 - R2,63,9 - R2,68,11 - R2,79,9 - R1,61,6 - R3,81,8 - R4,98,9 - R5,97,11 - R5,104,11 - R5,115,11 - R6,103,13 - R6,104,12 - R7,95,13 - R6,82,10 - R6,102,10 - R6,125,13 - R7,105,13 - R7,88,13 - R7,88,10 - R7,103,13 - R8,108,13 - R9,108,11 - R7,107,12 - R8,85,11 - R8,117,13 - R4,129,14 - R0,56,8 - R1,76,17 - R3,106,16 - R5,134,14 - R6,127,12 - R7,83,10 - R7,104,11 - R7,116,14 - R10,96,8 - R11,92,9 - R12,68,8 - R7,125,14 - R9,127,13 - R7,112,14 - R7,101,8 - R7,104,16 - R7,107,12 - R7,124,14 - R7,104,14 - R7,84,12 - R10,121,13 - R7,101,10 - R7,132,14 - R8,99,12 - R8,116,12 - R12,66,9 - R12,105,11 - R13,93,11 - R14,91,8 - R8,98,11 - R11,106,10 - R6,136,13 - R8,108,13 - "
34,746,1774,0xe3afc6b73b3e2eb36186f2e4bbc01b8aff5cb773,"R0,47,10 - R1,49,10 - R2,71,15 - R1,67,6 - R0,37,7 - R3,94,11 - R1,74,12 - R4,87,8 - R2,93,9 - R5,49,7 - R5,121,14 - R6,87,10 - R7,72,13 - R4,113,14 - R6,55,11 - R6,126,15 - R0,39,13 - R8,83,10 - R9,81,13 - R5,110,13 - R9,125,11 - R10,75,9 - R7,101,13 - R11,82,12 - R8,76,9 - R10,102,9 - R12,93,9 - R11,111,10 - R8,116,11 - R0,47,7 - R2,71,6 - R7,113,13 - R13,88,10 - R4,93,9 - R5,89,13 - R6,93,13 - R6,82,8 - R6,66,12 - R6,77,13 - R6,83,11 - R6,90,10 - R6,66,9 - R6,80,13 - R5,62,9 - R4,71,9 - R5,94,12 - R6,72,6 - R14,17,4 - R14,88,9 - R15,12,6 - R15,65,8 - "
35,769,1705,0x478fa4c971a077038b4fc5c172c3af5552224ccc,"R0,37,13 - R1,10,4 - R1,52,9 - R2,6,9 - R2,30,4 - R3,0,4 - R3,22,5 - R3,10,4 - R3,42,10 - R3,90,13 - R4,84,11 - R5,90,11 - R6,67,9 - R7,13,9 - R7,68,8 - R8,42,7 - R8,69,8 - R9,16,7 - R9,4,8 - R9,23,6 - R9,55,8 - R0,52,10 - R2,64,11 - R0,57,13 - R7,125,12 - R6,123,13 - R8,62,10 - R2,99,15 - R1,76,12 - R4,108,11 - R8,95,12 - R9,82,9 - R10,40,7 - R10,78,8 - R11,0,4 - R3,77,7 - R5,72,6 - R9,86,5 - R5,74,7 - R5,89,7 - R3,68,9 - R3,78,8 - R3,98,13 - R0,40,5 - R8,70,7 - R11,79,9 - R8,72,9 - R10,92,10 - R12,11,6 - R5,106,10 - R8,102,10 - R3,76,9 - R9,103,11 - R12,106,9 - R13,88,7 - R14,83,8 - R3,75,12 - R14,62,8 - R14,83,7 - R3,89,9 - R14,87,6 - R15,50,5 - R15,36,4 - "
36,653,1685,0xfd91a41b603e1c4f3f6615c5c392825ab6ede9e1,"R0,0,0 - R0,0,0 - R0,27,7 - R1,13,6 - R1,21,6 - R2,30,8 - R3,27,5 - R3,24,5 - R3,28,4 - R3,39,8 - R4,69,13 - R5,53,11 - R6,62,19 - R7,65,14 - R8,0,12 - R8,2,5 - R8,0,8 - R8,39,7 - R8,1,10 - R8,0,4 - R8,0,4 - R8,20,11 - R8,68,12 - R9,0,10 - R6,41,14 - R6,23,8 - R6,34,13 - R9,59,11 - R9,37,10 - R9,19,9 - R9,38,11 - R9,29,12 - R9,52,7 - R9,0,6 - R9,0,6 - R6,55,11 - R9,69,10 - R10,27,10 - R10,27,10 - R10,24,8 - R10,37,14 - R10,80,11 - R11,61,10 - R11,36,9 - R11,6,8 - R0,59,17 - R1,51,20 - R2,92,20 - R3,103,18 - R4,114,15 - R5,116,18 - R6,111,16 - R7,96,14 - R8,107,13 - R9,115,12 - R10,52,10 - R10,1,12 - R10,89,10 - R11,80,11 - R12,19,9 - R12,71,9 - R12,36,15 - R12,51,7 - R12,2,15 - R12,61,9 - R12,106,11 - R13,37,9 - R13,47,7 - R13,73,10 - R13,14,6 - R13,75,11 - R13,87,11 - R14,66,10 - R11,96,11 - R14,53,11 - R14,35,7 - R14,33,9 - R14,3,8 - R14,66,9 - R14,88,7 - R15,51,7 - R15,68,8 - R15,62,9 - R15,24,6 - R15,59,11 - R15,4,11 - R15,35,8 - R15,49,8 - R15,16,6 - R15,58,9 - R15,51,9 - R15,46,8 - R15,76,9 - R15,49,10 - R15,25,9 - R15,61,8 - R15,47,5 - R15,54,10 - R0,37,18 - R0,39,20 - R1,71,21 - R2,99,18 - R4,105,16 - R4,115,18 - R15,60,3 - R15,9,11 - R13,90,7 - R14,83,9 - R14,71,7 - R14,93,9 - R15,20,8 - R15,75,5 - R15,82,6 - R15,81,9 - R15,93,9 - R16,63,6 - "
37,573,1683,0xc6f292c074e40094f1ef0fe2c3cb8a2842e3fcab,"R0,37,4 - R1,62,5 - R2,77,5 - R3,81,5 - R4,69,5 - R5,70,6 - R1,63,7 - R4,87,7 - R5,74,5 - R6,69,5 - R5,107,13 - R4,110,15 - R7,79,8 - R8,62,6 - R1,64,6 - R0,47,7 - R6,121,15 - R7,94,11 - R8,114,14 - R3,92,8 - R4,70,7 - R9,107,10 - R10,105,10 - R11,75,8 - R7,119,14 - R9,108,12 - R10,70,8 - R8,97,7 - R9,100,9 - R11,108,10 - R12,86,11 - R13,78,8 - R8,106,9 - R12,117,10 - R0,57,7 - R1,77,8 - R2,93,9 - R3,117,12 - R4,129,13 - R5,116,13 - R8,94,10 - R13,90,9 - "
38,507,1671,0x6fcf9d80e2b597f4b3fa764b5626f573a9fc93d3,"R0,18,4 - R0,20,6 - R0,31,15 - R0,25,18 - R0,42,10 - R0,35,14 - R0,19,13 - R0,40,12 - R0,34,12 - R0,36,10 - R1,40,14 - R0,41,9 - R2,45,8 - R3,61,12 - R4,44,7 - R4,63,8 - R5,67,10 - R6,46,6 - R6,91,9 - R1,54,10 - R0,20,10 - R7,50,4 - R8,31,5 - R8,62,9 - R7,66,8 - R7,57,7 - R8,67,8 - R7,62,7 - R8,72,7 - R7,64,9 - R8,78,10 - R7,55,6 - R7,94,9 - R8,98,10 - R2,39,9 - R9,57,8 - R7,81,9 - R9,72,8 - R9,82,7 - R9,77,11 - R9,51,6 - R10,76,8 - R10,67,7 - R6,88,9 - R7,88,9 - R2,52,8 - R4,57,11 - R11,41,4 - R11,45,5 - R9,99,9 - R11,28,4 - R10,96,12 - R6,84,10 - R5,105,15 - R11,98,11 - R4,108,12 - R3,99,9 - R12,75,8 - R6,99,10 - R11,90,10 - R12,63,7 - R12,83,10 - R8,68,8 - R3,98,11 - R12,83,9 - R12,92,11 - R13,68,9 - R13,95,8 - R14,49,3 - R14,33,5 - R14,69,6 - R14,47,7 - R4,92,13 - R12,73,9 - R12,88,9 - R11,71,9 - R11,90,8 - R14,65,7 - R14,54,5 - R12,84,12 - R14,88,8 - R14,69,9 - R15,37,5 - R15,41,6 - R13,91,9 - R12,76,8 - R12,71,10 - R11,87,12 - R12,99,10 - R15,39,5 - R10,80,9 - R15,60,8 - R15,49,5 - R15,40,8 - R15,51,6 - R15,55,7 - R15,51,4 - R15,52,5 - R15,74,6 - R15,66,9 - R15,73,11 - "
39,508,1626,0x8628d73d3f950abde99739ef34b6cfa10394f579,"R0,22,8 - R1,28,10 - R2,55,10 - R3,76,12 - R4,91,9 - R5,61,10 - R6,79,9 - R7,73,9 - R8,68,10 - R1,53,10 - R2,74,13 - R3,78,12 - R5,91,13 - R7,134,14 - R8,84,8 - R9,119,13 - R10,52,8 - R10,66,8 - R11,33,9 - R6,64,9 - R5,116,13 - R8,124,14 - R11,83,11 - R10,70,8 - R10,101,9 - R12,76,8 - R13,97,8 - R6,118,11 - R11,96,10 - R14,77,7 - R14,107,9 - R15,0,5 - R12,101,9 - "
40,528,1598,0x7af4922fc22037d573e889201be7c38e42f22220,"R0,34,12 - R1,35,14 - R1,46,8 - R2,88,12 - R3,59,7 - R4,72,8 - R5,50,8 - R1,73,11 - R3,76,10 - R0,52,7 - R5,71,8 - R5,77,7 - R6,81,10 - R7,63,10 - R7,39,6 - R8,85,8 - R9,50,4 - R9,19,4 - R7,86,10 - R4,86,13 - R6,92,13 - R2,71,10 - R9,74,9 - R7,88,7 - R10,67,9 - R11,30,7 - R9,60,7 - R11,121,11 - R10,76,10 - R9,86,11 - R12,36,4 - R12,47,6 - R10,24,4 - R6,103,14 - R5,86,13 - R5,91,12 - R0,56,8 - R1,67,6 - R2,87,11 - R12,78,7 - R13,58,5 - R9,97,11 - R10,70,8 - R3,96,12 - R13,86,9 - R14,69,8 - R14,90,8 - R15,44,5 - R15,62,6 - "
41,505,1581,0xe1bcd0f5c6c855ee3452b38e16fed0b7cb0cc507,"R0,21,8 - R0,46,14 - R1,22,4 - R1,33,11 - R2,68,7 - R3,84,10 - R4,62,9 - R4,99,13 - R5,91,10 - R6,72,13 - R6,121,15 - R7,61,9 - R7,97,11 - R8,61,8 - R8,70,8 - R8,0,7 - R8,73,8 - R8,73,8 - R8,104,14 - R9,47,8 - R8,101,12 - R9,79,11 - R9,109,13 - R10,70,10 - R10,102,10 - R11,83,11 - R5,113,15 - R8,57,10 - R7,129,16 - R7,147,15 - R8,112,13 - R8,111,14 - R11,71,10 - R11,107,11 - R8,114,13 - R12,93,12 - R12,78,9 - R12,75,11 - R9,61,10 - R9,120,15 - R13,80,9 - R10,92,10 - R10,102,11 - R14,38,8 - R14,53,10 - R3,119,18 - R4,78,15 - R5,145,16 - R12,102,11 - R13,55,10 - R14,88,9 - R15,0,4 - R8,73,9 - R8,82,10 - "
42,518,1454,0x5cc81f1afa43f8f3c65fc9ce96d5a0568f4e285f,"R0,19,5 - R1,43,9 - R2,66,7 - R3,73,8 - R4,38,6 - R0,28,9 - R1,27,5 - R4,59,6 - R5,55,5 - R1,36,7 - R5,71,8 - R5,96,11 - R4,51,5 - R2,45,9 - R4,76,10 - R6,45,8 - R6,87,12 - R6,92,10 - R7,75,7 - R0,37,9 - R3,65,9 - R3,78,13 - R7,63,11 - R7,84,8 - R8,68,4 - R3,57,13 - R8,77,11 - R2,72,19 - R0,34,14 - R1,27,14 - R7,66,10 - R9,70,7 - R9,79,7 - R10,83,10 - R8,83,10 - R10,62,6 - R10,91,12 - R10,85,8 - R11,87,10 - R12,62,7 - R9,60,8 - R8,87,10 - R12,64,6 - R9,86,11 - R9,72,8 - R7,102,14 - R8,97,10 - R9,89,12 - R9,83,9 - R12,67,8 - R11,95,9 - R10,80,9 - R9,81,9 - R12,86,9 - R8,99,11 - R9,79,8 - R9,102,13 - R13,92,9 - R13,74,7 - R10,109,13 - R12,107,12 - R6,73,13 - R11,101,9 - R9,69,10 - R13,95,7 - R11,95,12 - R11,84,11 - R12,95,11 - R6,95,14 - R11,101,11 - R13,89,10 - R11,72,10 - R11,82,10 - R13,81,9 - R6,122,17 - R11,78,9 - R11,77,8 - R11,92,11 - R12,74,11 - R11,91,10 - R5,138,17 - R7,94,13 - "
43,817,1431,0x7cd6d00000cc82d568d7ae09c14290b810443141,"R0,54,5 - R1,69,8 - R1,51,4 - R0,44,4 - R1,66,5 - R1,69,6 - R1,65,8 - R1,77,8 - R0,51,7 - R2,62,7 - R2,93,11 - R2,91,9 - R2,90,12 - R3,111,14 - R3,104,9 - R4,119,13 - R5,121,14 - R6,98,15 - R7,127,16 - R8,119,14 - R9,131,11 - R10,101,10 - R11,98,8 - "
44,519,1414,0x4dae5b5bf3dc068bdfec47b8b402aff28fe6707f,"R0,45,9 - R1,39,7 - R2,68,9 - R3,88,12 - R4,56,6 - R5,79,6 - R6,51,5 - R7,70,5 - R0,24,6 - R1,40,7 - R8,40,6 - R1,54,7 - R8,80,9 - R9,8,4 - R9,8,4 - R9,34,3 - R4,110,13 - R6,115,14 - R4,129,10 - R1,72,7 - R9,115,13 - R2,95,10 - R10,69,8 - R11,48,7 - R11,53,6 - R11,88,9 - R12,83,9 - R13,60,5 - R1,76,9 - R3,112,13 - "
45,743,1352,0xee5cda91e4ddcde24d44dafd74bed4ba068f8ac2,"R0,48,7 - R1,68,5 - R2,70,5 - R3,86,7 - R4,103,12 - R5,102,10 - R6,107,9 - R7,98,10 - R8,100,10 - R9,82,7 - R10,84,8 - R7,111,10 - R11,83,8 - R12,52,4 - R12,80,7 - R13,89,6 - "
46,557,1299,0xa9b112554db3cdfb7777d85b10cbc975fffb0dce,"R0,44,6 - R1,60,6 - R2,99,11 - R3,107,10 - R0,15,5 - R0,50,7 - R4,90,8 - R0,55,8 - R5,118,13 - R4,134,14 - R6,106,12 - R4,121,14 - R1,77,9 - R0,58,7 - R7,111,12 - R8,90,10 - R9,87,9 - R2,80,10 - R2,82,12 - R1,74,11 - R10,109,13 - R2,70,9 - R1,74,10 - R11,68,9 - "
47,718,1228,0x1ea25519e4829bf579a58f133c4bf31e7e6f7565,"R0,46,7 - R1,70,7 - R2,89,11 - R3,119,12 - R4,125,17 - R5,137,13 - R6,118,12 - R7,106,9 - R8,93,11 - R0,58,8 - R1,78,8 - R2,99,10 - R3,118,12 - R9,72,7 - R10,96,8 - "
48,770,1225,0xaa521710653cdab5e9ce755e26c1ad73f8bcf14e,"R0,41,8 - R0,58,7 - R1,49,7 - R1,67,6 - R2,66,8 - R3,48,8 - R3,64,6 - R4,54,6 - R5,52,7 - R6,46,7 - R6,47,6 - R6,54,6 - R7,78,6 - R0,59,15 - R1,65,8 - R3,81,9 - R2,71,9 - R2,66,8 - R2,73,6 - R2,64,8 - R4,69,9 - R5,101,10 - R6,40,3 - R6,83,11 - R8,100,10 - R0,52,8 - R9,79,8 - R10,61,6 - R10,59,6 - R10,90,9 - R11,82,10 - R12,65,6 - "
49,705,1127,0x5aa59e166e4405c05abf85ad44a8ed84a1d51a06,"R0,49,12 - R1,51,9 - R2,72,12 - R3,111,20 - R4,95,11 - R5,109,11 - R6,86,10 - R7,80,8 - R8,92,12 - R9,57,7 - R7,122,18 - R4,94,11 - R5,96,8 - R6,107,11 - R9,48,4 - R8,105,11 - R9,71,9 - R10,116,11 - R11,55,7 - R11,93,9 - R12,41,10 - "
50,651,1087,0xc727bff1962590c71a6cb56c6d11f37bee740a5d,"R0,26,5 - R0,42,5 - R0,39,4 - R1,54,6 - R1,62,5 - R0,47,4 - R2,64,5 - R3,110,12 - R2,83,6 - R4,62,6 - R4,104,9 - R5,103,13 - R6,90,10 - R6,114,7 - R7,91,7 - R7,111,9 - R8,73,8 - R8,99,10 - R9,79,6 - R9,61,6 - R9,99,6 - "
51,524,935,0x8eca96806675ed3882c844a8d2bb09005eead9bf,"R0,18,6 - R0,24,6 - R1,53,8 - R2,30,7 - R3,26,9 - R2,37,6 - R3,73,13 - R4,102,11 - R5,113,14 - R4,71,13 - R0,41,9 - R1,61,10 - R2,77,11 - R6,80,8 - R6,98,10 - R0,44,7 - R7,98,10 - R6,66,11 - R8,96,10 - R8,65,8 - R3,71,12 - R8,92,8 - R8,102,13 - R8,101,8 - R9,73,6 - R10,49,6 - "
52,527,898,0x86f5badc9fb2db49303d69ad0358b467cfd393e0,"R0,43,9 - R1,34,6 - R1,43,6 - R2,68,9 - R3,32,7 - R3,78,8 - R4,44,7 - R4,93,9 - R5,42,5 - R5,74,9 - R5,78,8 - R6,63,7 - R6,45,8 - R6,98,8 - R7,90,10 - R7,70,7 - R8,63,8 - R8,77,7 - R8,103,9 - R9,38,5 - R9,78,9 - R9,66,8 - R9,67,7 - R9,79,8 - "
53,739,840,0xa9a0c84fe5780d5a5c67cc14165b546f8ec6dcab,"R0,53,12 - R1,59,13 - R2,92,11 - R3,106,17 - R4,84,12 - R4,102,11 - R5,137,18 - R6,131,14 - R7,60,9 - R7,40,10 - R8,85,14 - "
54,570,815,0x941a95e58a293f1d8b5b43dfbde07569ca96bd90,"R0,34,10 - R1,9,7 - R1,70,8 - R2,97,15 - R3,95,11 - R4,94,10 - R5,87,10 - R5,116,9 - R6,131,14 - R4,130,16 - R3,116,17 - R1,70,9 - R5,140,16 - R6,76,11 - "
55,549,749,0xffea5a2cfaf1aafbb87a1fe4eed5413da45c30a0,"R0,25,7 - R1,32,7 - R2,76,8 - R1,33,3 - R3,38,5 - R4,45,6 - R5,60,5 - R3,66,9 - R4,57,7 - R6,45,6 - R7,50,6 - R8,23,5 - R6,96,12 - R0,59,6 - R1,79,9 - R4,78,9 - R5,91,10 - R3,75,7 - R7,57,8 - "
56,567,723,0x0add4eccfed27fbadcbc62d8166439b596a1f1a0,"R0,44,13 - R1,32,3 - R2,31,6 - R3,29,9 - R3,45,13 - R4,35,6 - R5,0,3 - R5,59,9 - R6,16,2 - R6,24,6 - R6,36,6 - R6,0,3 - R6,21,4 - R6,57,8 - R7,15,5 - R7,27,8 - R7,69,7 - R7,28,10 - R8,8,3 - R8,37,4 - R8,56,5 - R9,67,7 - R10,46,5 - R10,25,5 - R10,63,7 - R10,18,6 - R10,13,5 - R10,86,9 - R11,36,6 - R11,44,5 - R11,67,6 - R11,30,4 - R11,0,4 - R11,54,9 - R11,71,11 - R12,84,10 - R12,42,10 - R12,25,5 - R12,73,7 - R13,37,6 - R13,32,5 - R13,41,8 - R13,28,9 - R13,44,7 - R13,13,5 - R13,64,9 - R13,27,7 - "
57,686,701,0x1d7678c8262c3054eb75d70a19d09f4a966697ce,"R0,16,5 - R0,41,14 - R1,54,8 - R2,78,12 - R3,69,14 - R4,84,17 - R5,63,10 - R6,77,10 - R7,62,10 - R8,56,5 - R9,53,6 - R9,39,5 - "
58,714,638,0x5b1c410f66a0b0b7a8008e256406dfd18593e4cf,"R0,40,9 - R1,62,8 - R2,74,11 - R3,80,10 - R3,110,13 - R4,88,14 - R5,48,10 - R5,117,12 - R6,85,6 - "
59,562,629,0x735194b0ff3d9fca8561770ebf484eac90b46647,"R0,0,1 - R0,0,2 - R0,17,2 - R1,8,4 - R1,24,4 - R2,8,6 - R2,41,11 - R3,8,2 - R3,16,2 - R3,13,1 - R3,34,5 - R4,16,2 - R4,7,4 - R4,8,3 - R4,34,5 - R4,11,3 - R4,20,3 - R4,14,4 - R0,39,11 - R1,38,7 - R1,41,6 - R4,57,5 - R5,54,4 - R1,59,6 - R2,72,7 - R3,76,7 - R6,45,5 - R6,52,5 - R7,37,4 - R7,80,9 - R8,50,6 - R8,41,6 - R8,51,3 - R8,35,5 - R8,55,4 - R9,46,4 - "
60,572,617,0x89bf95e256f15fb81162072e6b95e91186615f73,"R0,46,8 - R1,47,5 - R2,34,10 - R0,39,6 - R3,80,8 - R2,44,8 - R4,49,8 - R5,69,5 - R6,98,8 - R7,101,11 - R8,39,4 - "
61,587,606,0xa5643d9b4a2049d578a690269dbc13426b352672,"R0,47,11 - R1,33,8 - R1,51,9 - R2,46,10 - R2,71,13 - R3,84,13 - R4,37,11 - R4,64,12 - R4,65,10 - R5,60,11 - R5,70,10 - R4,99,17 - R6,19,6 - R6,19,10 - R6,93,11 - R7,20,5 - R7,69,10 - "
62,738,590,0xc637d110b89908617a8c5c153c3d737068165ce5,"R0,33,8 - R0,43,5 - R1,53,5 - R2,47,5 - R3,30,5 - R4,51,6 - R0,47,10 - R5,19,6 - R3,93,11 - R0,38,9 - R4,77,9 - R5,63,8 - R6,85,12 - R7,69,8 - "
63,771,565,0x440fa5d44d01855c037c675842db317d10b5449f,"R0,57,14 - R1,61,11 - R2,81,8 - R3,89,11 - R4,106,13 - R5,86,14 - R5,51,10 - R4,57,9 - R4,84,14 - R6,62,11 - R5,86,12 - R7,15,8 - R1,65,16 - "
64,679,563,0x543d8004afa943344e6fba44e189ed0dd4e71d56,"R0,2,6 - R0,15,7 - R1,20,8 - R2,38,4 - R1,18,4 - R1,30,3 - R0,22,3 - R3,31,6 - R3,0,3 - R3,0,3 - R4,33,3 - R4,8,3 - R4,0,2 - R4,15,5 - R4,40,5 - R5,41,5 - R3,45,4 - R6,49,8 - R0,58,6 - R1,55,7 - R7,54,7 - R8,63,7 - R9,0,2 - R9,68,9 - R10,42,7 - R10,34,4 - R10,71,10 - "
65,579,561,0x3b3120e283c08daabb5e3f240e008387ef8a67db,"R0,21,3 - R1,16,5 - R1,20,4 - R2,40,9 - R3,23,6 - R3,36,4 - R4,35,6 - R4,20,5 - R4,36,6 - R5,30,9 - R5,44,8 - R0,40,12 - R0,49,9 - R1,79,11 - R6,52,7 - R2,49,8 - R3,78,10 - R2,62,5 - R0,47,9 - R4,76,10 - R4,78,5 - R5,45,6 - "
66,584,559,0xe5f6dbc39334f3e79c149efb8c8c9c8dec474af1,"R0,51,12 - R1,35,11 - R1,62,8 - R2,66,16 - R3,68,6 - R4,38,4 - R5,67,7 - R6,33,5 - R6,37,8 - R6,96,5 - R7,70,8 - R8,35,6 - R8,26,6 - "
67,553,549,0x124e64c9ed898d4a8b130f6acb76b33e21cd711c,"R0,41,8 - R1,32,7 - R2,30,8 - R3,47,10 - R4,49,11 - R5,53,10 - R6,52,11 - R7,31,11 - R7,11,3 - R7,0,6 - R7,34,10 - R7,50,7 - R8,13,7 - R8,65,11 - R9,32,10 - R9,0,6 - R2,86,12 - R9,66,8 - R10,36,7 - "
68,560,530,0x9b81fcdb243ff7137afcb77209d1d4be9dc3a6b2,"R0,18,6 - R1,20,3 - R2,32,7 - R3,30,6 - R4,0,4 - R4,39,6 - R5,41,14 - R6,7,5 - R6,0,2 - R0,31,9 - R0,21,9 - R1,36,9 - R3,54,14 - R0,45,13 - R1,63,11 - R2,80,11 - R2,55,11 - R2,72,9 - R2,81,12 - R2,84,11 - R3,79,10 - R3,109,14 - R3,91,13 - R4,75,11 - R0,40,16 - R5,92,13 - "
69,811,522,0xd281f988242c900d67ff2aafabe683b8004ee778,"R0,19,7 - R1,21,7 - R2,25,6 - R3,30,5 - R4,10,4 - R0,56,11 - R1,52,8 - R4,35,8 - R5,41,9 - R6,55,8 - R7,30,5 - R5,91,11 - R3,61,11 - R2,86,10 - R4,38,6 - R7,51,5 - R8,57,7 - R9,15,4 - R9,61,6 - R4,48,6 - R6,57,4 - R9,46,4 - "
70,589,485,0xa322f14c4e9628f5934420a6098a01e7c999e657,"R0,20,4 - R0,32,4 - R0,36,4 - R1,50,4 - R1,58,7 - R1,58,7 - R2,67,7 - R3,55,8 - R4,102,15 - R4,55,8 - R4,80,8 - R4,73,9 - R5,96,11 - "
71,583,476,0x9decc84cc0b18e9c294aefd2e4c59e8978fd838c,"R0,33,4 - R1,16,4 - R1,43,3 - R2,49,3 - R3,16,2 - R0,46,7 - R3,82,8 - R4,60,5 - R5,82,10 - R6,40,5 - R6,40,5 - R6,50,4 - R7,41,6 - "
72,621,463,0x272cee6c920e613b12eac55684523622e87c98ce,"R0,39,14 - R0,19,9 - R1,53,14 - R2,54,8 - R3,50,7 - R4,68,12 - R0,23,12 - R5,48,7 - R4,43,8 - R6,21,3 - R4,0,5 - R1,58,14 - R4,29,7 - R4,65,9 - R6,36,9 - R5,61,11 - R6,48,7 - R7,69,8 - R7,20,7 - R6,0,6 - "
73,725,458,0xa532f169cee0e551d4da641031ac78fd85461035,"R0,31,8 - R1,56,12 - R2,93,17 - R3,63,12 - R4,38,6 - R5,45,6 - R6,55,8 - R7,50,7 - R8,28,3 - R8,56,10 - R9,10,5 - "
74,804,434,0xfaff4170e628aef5c5ce84c47ebddb5a99517fe2,"R0,46,3 - R1,53,6 - R2,80,6 - R3,54,3 - R4,55,4 - R4,40,3 - R5,59,4 - R6,36,3 - R6,19,2 - R6,51,3 - R7,0,3 - "
75,748,428,0x40f9d5be519c5af1a44cacb35c9d5a39b1522d8f,"R0,58,5 - R1,74,6 - R2,85,8 - R3,65,10 - R4,94,9 - "
76,747,423,0xb8867d93fea6842316c050b401285e57ffca4e59,"R0,55,5 - R1,68,6 - R2,70,8 - R3,89,6 - R4,85,9 - "
77,576,419,0x59e9f8f07f9d339c48c8521af341a1a2337a9e22,"R0,29,4 - R1,49,8 - R2,74,10 - R3,61,4 - R0,47,3 - R1,22,4 - R1,55,4 - R4,56,5 - R1,61,5 - R2,62,11 - R5,40,5 - R2,74,5 - "
78,720,398,0x39cb5f9ce06948a715538cd755e1c9005e9a02cf,"R0,59,4 - R1,79,6 - R2,97,8 - R3,118,8 - "
79,735,398,0xaa45dffced3e4d3c0170cb1a03a44edc17ebca49,"R0,55,4 - R1,79,7 - R2,97,6 - R3,117,12 - "
80,715,395,0xc1f587f72f5bbd96b3b307f4af940075d0cff6f1,"R0,59,4 - R1,77,5 - R2,95,8 - R3,116,9 - "
81,775,395,0x04be76987a78222b513924cbbed639dbe2914774,"R0,59,4 - R1,79,6 - R2,98,9 - R3,118,13 - "
82,722,392,0x5c46552990b6dfdbfcf8ea61ab0d12202b84b520,"R0,58,5 - R1,78,5 - R2,94,10 - R3,116,8 - "
83,777,390,0x8396e7904f447c1745068fe52051e41d04f9d1ef,"R0,57,4 - R1,78,7 - R2,99,10 - R3,114,10 - "
84,702,388,0x0666d13a29015ccebf650271f48421c183cf029a,"R0,46,4 - R1,75,5 - R2,98,9 - R3,118,10 - "
85,728,386,0x0bbd998e2a7f409cd54ea16fa1cd880e0c45656c,"R0,55,4 - R1,76,7 - R2,95,11 - R3,110,10 - "
86,791,386,0xce6135847f9a281157e4d211fde48beea731fea1,"R0,58,4 - R1,77,7 - R2,96,8 - R3,48,9 - R3,115,11 - "
87,696,384,0x6255732758d5f5e20b4a9018b9022f39559662ba,"R0,47,5 - R1,75,5 - R2,97,9 - R3,116,7 - "
88,699,377,0x01017ad3aa64924712c42f60642fa4cc3d16b72b,"R0,47,4 - R1,74,5 - R2,93,7 - R3,116,11 - "
89,667,370,0xd88853daa77730e6a16b6acded79fe972f13eae2,"R0,47,4 - R1,59,5 - R2,96,8 - R3,116,9 - "
90,531,366,0x1c0b3b20ffcf03391ad34466b9e362f572a4ee13,"R0,17,6 - R1,26,4 - R1,27,6 - R1,22,4 - R0,35,9 - R1,46,9 - R2,32,7 - R2,51,12 - R3,45,10 - R0,15,5 - R0,29,7 - R0,42,8 - R4,34,7 - R3,34,5 - R2,78,11 - R3,93,12 - R3,50,11 - R3,44,10 - R3,69,16 - R4,53,10 - R3,115,18 - R3,97,12 - "
91,577,366,0xfb22ac30ec4b1fc88856b5f24ca620369f1fd6b9,"R0,44,13 - R0,44,8 - R1,30,7 - R1,28,7 - R2,55,10 - R3,68,5 - R4,40,6 - R5,44,4 - R6,48,3 - "
92,669,365,0xc25ca005e83abd0645ad2a73c9d438e9cfb7c5d7,"R0,46,5 - R1,64,5 - R2,98,9 - R3,119,10 - "
93,628,358,0x45a270e0c40e9bd59c8a7786f87ea2c2ddaf2d2c,"R0,47,5 - R1,58,5 - R2,97,9 - R3,115,11 - "
94,730,356,0xe48471e03b625c094cdf2d2eb95abdc832816a4a,"R0,58,6 - R1,72,8 - R2,82,9 - R3,108,8 - "
95,676,329,0x33b5f091d1f91289c80fcfd382a1ffc500934212,"R0,47,4 - R1,62,5 - R2,64,5 - R3,106,12 - "
96,826,320,0xe23da0be88c9b56c815c0525e5c1c687a99a8def,"R0,18,8 - R1,22,8 - R2,28,8 - R3,0,6 - R3,45,12 - R4,0,3 - R0,39,12 - R4,36,9 - R5,46,10 - R6,36,9 - R0,57,18 - R4,50,13 - R6,13,9 - R3,66,7 - R1,51,11 - R2,70,17 - R6,43,7 - "
97,765,311,0xeb8c587a8b3bcb23efbf6d4e41c6ac1f90bf5c27,"R0,13,6 - R0,19,7 - R1,31,6 - R0,51,10 - R1,61,11 - R0,47,17 - R2,59,8 - R3,70,10 - R4,45,7 - R5,37,6 - "
98,517,308,0x8347eb85648d2079604010ddb7649ce1cea8c2fc,"R0,28,6 - R1,26,11 - R2,41,10 - R1,34,6 - R3,27,5 - R3,35,9 - R0,28,6 - R1,45,5 - R2,54,7 - R3,58,9 - R4,43,6 - "
99,600,295,0x24970b51dd29dc2dfa264cd51c41998c68e3d7e6,"R0,0,0 - R0,18,7 - R1,21,5 - R2,47,10 - R3,36,6 - R4,57,14 - R5,98,14 - R6,90,11 - R7,15,8 - R7,67,13 - "
100,511,275,0xb9ff017c875f5c39d0018d1df86fbd92943d5b82,"R0,25,4 - R1,50,6 - R2,40,5 - R3,82,8 - R4,60,5 - R5,3,6 - "
101,608,264,0x133860dbb4c81d1ce64ad6108f80a0b14db8ea77,"R0,9,11 - R0,15,5 - R1,24,8 - R2,29,7 - R3,60,11 - R4,38,6 - R5,57,6 - R6,39,12 - R1,29,9 - R0,43,11 - "
102,548,251,0x89a1145fccac1a2a9350ec1a4a486e4458d26274,"R0,15,3 - R1,25,3 - R2,24,8 - R2,55,11 - R3,56,7 - R4,39,6 - R0,33,11 - R2,55,13 - R4,36,7 - R1,33,6 - R2,38,9 - R1,20,5 - R1,25,8 - R2,38,12 - R2,53,10 - R3,52,8 - R3,47,9 - R3,79,8 - R3,74,10 - R3,79,9 - R3,42,6 - R3,51,6 - R3,54,6 - R3,74,9 - R3,83,12 - R3,87,9 - R3,52,8 - R3,76,12 - R3,31,10 - R3,80,10 - R3,88,7 - R3,76,12 - R3,73,13 - R3,86,12 - R3,75,12 - R3,93,10 - "
103,774,247,0x4d120d7d8019c7616d4e14249fb696c6a5fe0b6b,"R0,3,4 - R0,16,6 - R1,33,8 - R0,38,10 - R0,39,9 - R1,64,19 - R2,21,5 - R2,47,9 - R3,69,12 - R4,55,8 - R4,41,5 - "
104,523,244,0x0a38c3a976b169574bd16412b654c1ee0db92e1b,"R0,29,7 - R1,20,6 - R2,61,8 - R0,31,8 - R1,27,5 - R0,31,7 - R1,45,6 - R2,36,6 - R3,58,5 - "
105,768,228,0x6fb7c9970372a645bad75408b021e364d134e1bf,"R0,6,3 - R0,37,12 - R1,27,8 - R2,29,7 - R3,42,8 - R4,35,7 - R5,50,9 - R6,51,9 - "
106,733,223,0x0491f1e51b492acc583f6ed2318f306d4c877192,"R0,14,4 - R0,12,8 - R0,18,7 - R1,23,4 - R2,55,7 - R3,64,9 - R4,48,7 - "
107,575,221,0x0ffe9a4dc141bff38e667906bbe377b3ed7c2159,"R0,46,5 - R1,20,2 - R2,26,3 - R3,32,3 - R4,39,4 - "
108,806,184,0xe17b279d3891b48c36ef616a5f70a586e80b5b98,"R0,40,12 - R1,45,8 - R0,43,11 - R1,71,11 - R1,65,8 - R2,73,12 - "
109,534,175,0xdcad4dd8543f20b9438ed72a3b465f009386a333,"R0,36,7 - R0,45,7 - R1,59,5 - R2,33,6 - "
110,666,164,0x9209eb1143630fe33fc835335a708dc9c2bad098,"R0,43,9 - R1,52,9 - R1,26,8 - R1,29,5 - R2,48,7 - R2,50,9 - "
111,755,156,0x63a057a321bafdd643b9137deb85aec7ae5ba284,"R0,58,5 - R1,76,7 - "
112,822,146,0x15e807bc30a5342f2dabebb20232f7591c3a779b,"R0,45,12 - R1,57,10 - R2,63,9 - R3,30,8 - "
113,536,144,0x85362d4700d2f8d55d1d779b31b837c863ae3c14,"R0,16,9 - R1,24,10 - R0,16,10 - R0,18,6 - R0,16,5 - R0,15,5 - R0,16,3 - R1,21,4 - R1,6,6 - R1,10,3 - R1,23,2 - R2,25,4 - R3,4,5 - R3,18,2 - R0,18,3 - R0,37,4 - R1,26,3 - "
114,829,144,0xd00883dcd99e20de463b3647bfe9ddb90a42efca,"R0,55,10 - R1,76,12 - "
115,520,136,0x136100b7ce04cc4d5350ff535624e636fe3e9ce3,"R0,36,10 - R1,30,10 - R2,41,13 - R3,38,10 - R1,47,9 - R0,0,0 - "
116,597,131,0x1efff6c55a8757ae57d758f030edf4b0484d8510,"R0,12,2 - R0,21,6 - R1,0,6 - R1,20,6 - R2,10,4 - R2,45,9 - R3,43,8 - R4,11,2 - R1,22,3 - R4,5,6 - "
117,678,128,0xf3fc6fd7019b6a7f0e0ac1887ece1512a07a3a66,"R0,15,9 - R1,19,7 - R1,22,7 - R2,24,8 - R2,30,6 - R3,35,6 - R0,18,10 - R1,34,7 - R3,48,6 - R4,37,6 - "
118,848,128,0xa25f89cc3fc7b6b3f1275136d715b6f66e9d9083,"R0,45,6 - R1,69,6 - "
119,559,125,0xf6d5607094443963d9a84c5c0ede52a82a073162,"R0,17,5 - R1,17,6 - R1,23,5 - R0,18,4 - R0,29,6 - R2,33,4 - R3,8,1 - "
120,641,115,0x77c85dc1bc35f3674e115a8c21fa9c9b8eedc9d3,"R0,18,4 - R1,20,5 - R2,34,8 - R3,37,6 - "
121,613,109,0x023085e6979b7a08caa341deecf29484684f9109,"R0,45,4 - R1,52,5 - "
122,658,106,0xc0c3a547231ea6aebc543826bc55895b015467b3,"R0,21,7 - R1,22,5 - R2,28,5 - R0,18,5 - R3,30,7 - R0,30,9 - R0,30,8 - "
123,832,106,0xb5c91a6463b5d990331faaf0d2865771e62dc220,"R0,39,9 - R1,54,6 - R2,30,3 - "
124,772,105,0xe8604d87ec503d231c32ce37b71b040f7662343c,"R0,32,4 - R1,24,5 - R2,16,3 - R2,32,5 - R3,0,3 - R3,0,2 - R3,2,3 - "
125,741,104,0x50d38dd8ad42fc9c62aabcbb69074bbfcea7959f,"R0,0,0 - R0,16,6 - R0,39,10 - R1,53,10 - "
126,703,100,0x24c8c035b8ece9b2412a351f49db4197a8b42dc8,"R0,15,6 - R1,8,9 - R1,23,8 - R1,21,8 - R2,26,8 - R1,25,6 - R3,33,9 - R4,0,6 - R4,31,8 - R4,31,14 - R4,31,14 - R4,37,10 - R4,18,4 - R4,36,8 - R5,4,7 - "
127,837,98,0x619c0c0f7e3325c1801fafd87d88d2bcbe68cc16,"R0,38,4 - R1,46,4 - "
128,614,97,0x3e35faae5fb365cad9fa38e54784b98567a6d765,"R0,21,8 - R1,24,8 - R2,29,7 - R3,15,7 - R3,15,4 - R3,2,2 - "
129,547,96,0x092cff73c77a9de794d25b0088ded0e430733dbb,"R0,20,7 - R1,9,10 - R1,21,5 - R2,25,6 - R3,33,5 - "
130,571,95,0x748a9fb91ade6d9cd48ab1d1af6f4c27620b703c,"R0,36,10 - R1,49,8 - "
131,623,89,0xfa2ac8b28bc80fb193c9c8f3cc4afb99ae80f932,"R0,43,5 - R1,43,5 - "
132,633,86,0xc0a05b745b45a5715ebb2443cf849693f74af03e,"R0,41,5 - R1,30,4 - "
133,602,84,0x684272f2fea84c05ea34df49951cab08e059f33c,"R0,0,0 - R0,9,2 - R0,0,1 - R0,17,4 - R1,20,4 - R2,30,7 - R3,31,6 - "
134,581,82,0xfec90ee4a1ea9ccff0d1971c61fe5a4488594a58,"R0,44,11 - R1,39,8 - "
135,516,77,0x6d06dd922210c87df1f532b4805badf782e598b9,"R0,25,5 - R1,20,4 - R2,25,6 - R3,0,2 - "
136,716,77,0x8495475dc7192112e18d397147c2eda43b52ac24,"R0,0,0 - R0,17,6 - R1,27,7 - R2,13,7 - R2,29,5 - "
137,786,77,0x7b6662098716924b9ca2df64f79c7e385316fc21,"R0,58,4 - "
138,827,77,0xabe44ca97713943def531f737862d6ccd881ccf2,"R0,58,4 - "
139,692,75,0x1c28b4f1c0ce16597d52fff5978080a3fe4d119c,"R0,21,8 - R1,5,3 - R1,47,6 - R0,38,9 - "
140,727,75,0xfb4ed6e83311caa7605f4a264badc88fd64fcf3f,"R0,58,4 - "
141,776,75,0x78fc1b1b4cf9596621d7990b52e32c83b17a9866,"R0,57,4 - "
142,788,75,0xc437fd1df3e2a1ca51a725c7a889806d36db7885,"R0,59,4 - "
143,790,75,0x3493720323261add5aea17cf7d0e177452395b2b,"R0,57,4 - "
144,798,75,0x57dc856be9b18601ddeb1087890aaf902efd6d96,"R0,58,4 - "
145,828,75,0xa4d505c676be114ccac3fb3185abb4029f8e3740,"R0,59,4 - "
146,544,74,0x2e21407be0545c706f25490fbba532943fcaed32,"R0,0,0 - R0,1,1 - R0,23,11 - R1,53,7 - "
147,723,74,0x299290ce28ca275c6522afddda5dcea94a52e542,"R0,58,4 - "
148,724,74,0x5ada99319d2e2e20692cb729f954e603a18a0a63,"R0,58,4 - "
149,757,74,0x463d27edcc0e54de65f297f20d8c0f2093fee655,"R0,0,0 - R0,0,0 - R0,8,3 - R0,0,1 - R0,53,7 - R1,46,13 - R2,49,13 - R3,10,12 - R3,37,18 - R4,3,7 - R4,0,12 - "
150,761,74,0x187d9a7628883b867d11f37e463b71335f5af32e,"R0,56,4 - "
151,780,74,0xb0bbc2927921b4a7eda5be774e011d87daba52ab,"R0,56,4 - "
152,789,74,0xe921675b6e9fd74cf8987356c95ce7f3523c12e9,"R0,58,5 - "
153,799,74,0xb608add381a1d76a287d4aa6d18027e92cbdd30e,"R0,59,5 - "
154,833,74,0xca5e0a347be74e6e10c35580f32582dc03c44c91,"R0,57,4 - "
155,836,74,0x5fd2441c5e58246b72f9dcf0ecad19e5b508b3be,"R0,56,4 - "
156,664,73,0x4d00b44569c615f49f50814e4328f354b89e9efe,"R0,0,0 - R0,3,1 - R0,19,5 - R1,29,8 - R2,34,8 - R3,31,7 - "
157,721,73,0x6f7a06049186f3b8be5dc3e4a9029b51db3b8ca5,"R0,59,4 - "
158,778,73,0x1660c92fc1314e0a9a813f9e1578f794a29a8c47,"R0,59,4 - "
159,820,73,0x6e5c75c55b929375fd34aed12c898397d5ed31f2,"R0,59,5 - "
160,834,73,0x09037754e6cda9b5231899c99a43074a174fd65e,"R0,59,5 - "
161,835,73,0x66b3e67f862688dd2334373db4bfda4a0ddf5c9b,"R0,59,5 - "
162,830,70,0xdc1fb858860cc646f967abd876ae5f5e2b206358,"R0,57,4 - "
163,838,70,0x144198bbb6ba029499ea601a801cd6e6e9da0fcc,"R0,57,5 - "
164,842,70,0xd631d806d3f6168df01a86be0ecb4608833edb6a,"R0,58,4 - "
165,588,69,0x8528b14e34d670fbffa48dfebe5ccb7208f4276c,"R0,38,9 - R1,21,7 - "
166,801,69,0x3ada30a8960d32e8ff5b09b29ea59fdbbdf912db,"R0,57,7 - "
167,815,68,0x0818ce774301b621a263440fa8e7f060b534d323,"R0,56,5 - "
168,846,68,0x88e5dd128e3203d64786112ea83c2482921d766a,"R0,59,4 - "
169,849,68,0x319bfa1d4b7992e9721ead7812030ec8a63b486d,"R0,57,4 - "
170,734,67,0x68f1cdd07e01080a1173775e5e5e0f25dba2f3a5,"R0,0,0 - R0,15,4 - R1,21,5 - R2,7,2 - R2,23,3 - R2,28,3 - "
171,839,67,0xb549c8d4f294d85aa55e4dd138f3b6f46cb1781d,"R0,58,4 - "
172,784,66,0xf2cfc37a6b8655e90b2b317e7d8712df7935203d,"R0,54,4 - "
173,824,66,0x5c1c8028c8b0be1d8e126332dab8a6d2d8bb1040,"R0,0,0 - R0,53,8 - "
174,845,66,0xfb5348c2a75ce1af44a5ffdf15d812f44d57c00f,"R0,59,5 - "
175,766,64,0xedbf594514fb29be963dcd22c906c57636b2a39d,"R0,51,4 - "
176,844,64,0x1ace127b971afcc8ecbbf72ca512dc536755878b,"R0,56,4 - "
177,816,63,0x4ca790b2c94af33009f5e7e2a419d766d77aa88a,"R0,38,9 - R0,57,12 - "
178,622,62,0x2dfde5d9736ea1b3e40ccd6e0f5449a15a59a5ba,"R0,47,5 - "
179,672,62,0x65e24af71b7b00f922635d8077ae2d4e4aa52f8d,"R0,45,4 - R0,55,4 - "
180,843,62,0x713c19611fbe9f9ce8e6a0e0ed195f5621d6b8f5,"R0,53,4 - "
181,631,61,0x493ab28bfb0ccace65daad89c75198e0b8e266e8,"R0,45,4 - "
182,635,61,0x9f43805958be276cfe54dc0c90df6b14d0580edb,"R0,47,5 - "
183,840,61,0xdb698c81abb749038a208036893e1b4da0aeb6df,"R0,53,4 - "
184,847,61,0x2c6585573a857b500ad22624eef72560dcb301e8,"R0,51,6 - "
185,627,60,0xd70a2c39457b24c98174374598fd32bf0cc57a9b,"R0,47,5 - "
186,632,60,0x4059f3c0064cd380276de8dbab6935005535eed6,"R0,36,9 - R1,28,6 - "
187,624,59,0x618c121b12c944c9532fc2c1b5f8ac06d2e8c16a,"R0,47,6 - "
188,652,59,0x2bd5a692146513f1026fdd95dd67e39d27c2a8a2,"R0,47,4 - "
189,668,59,0x1d8ee972bb40108cb22ac43b192df2ea2eeca474,"R0,47,5 - "
190,688,59,0x7d855f3f4145f59be4d708312b6c268b9a2d022c,"R0,44,4 - "
191,697,59,0xed5c14d164464fcb8104827abda8a9373c44b8f3,"R0,42,5 - "
192,620,58,0x1be9504356cfbc83727d479861191e9f7be824a1,"R0,44,5 - "
193,630,57,0x0944a437bf7eba1f9e592b277fefb4ea94ba172d,"R0,46,4 - "
194,671,57,0xc4d3848cc3617f383f364a395bccaa9f31fce255,"R0,44,3 - "
195,698,57,0x3437c5948c5aa594d7bde8aefd87c549c1b24ca0,"R0,43,4 - "
196,701,57,0x9a2a6b06ba5fff74e66366f5e13aef2d3f8505d5,"R0,45,4 - "
197,535,54,0x5b95a971b4583a5f011e9da082acdd679b870d06,"R0,18,7 - R1,29,7 - R2,34,10 - R3,34,10 - R4,8,5 - "
198,807,52,0xa002735f36117e26dbc3a1128900adf5515f0954,"R0,47,7 - R0,58,13 - R0,39,18 - "
199,693,49,0x8840603a7df575a6ea1f70280d4001b64282aaa8,"R0,32,5 - R1,23,5 - R2,0,1 - R0,32,6 - "
200,759,48,0xa1d38da3ce3ebe5081e7ad8a0ac2ab5d08541de0,"R0,20,5 - R1,20,4 - "
201,819,47,0xc804b60febe5b2ce91640894da3f74a08e979422,"R0,50,8 - "
202,682,45,0xa5fa57608c5698120a7c3c9d50ec346bb3980223,"R0,20,8 - R1,28,7 - "
203,654,43,0xf5a8e355621e487c1e2f2d55f0070a084427661f,"R0,15,4 - R0,46,8 - R1,14,11 - "
204,611,38,0x1ea3010d695cfbb7173b037b4208c56122e4e932,"R0,5,2 - R0,34,10 - "
205,763,37,0x2474c53a8eaee1ad42c2755b343d8b43e9d2ae6b,"R0,57,13 - "
206,626,31,0x92fab452e2f14c7730f79031906e06326c916946,"R0,16,6 - "
207,578,29,0x616a742877809e7b2043948a17f3d735ec9a09da,"R0,0,0 - R0,6,4 - R0,16,5 - R1,26,6 - "
208,782,29,0x638dd68ae2a2563645fcaaff2e84910aa21f9ae6,"R0,19,5 - R1,0,0 - "
209,785,29,0x0df66740f067954267ae315664684d1b50735bfa,"R0,48,14 - R1,46,11 - "
210,590,28,0x0b6bf854cb7c816518a96317893e43ab219bd365,"R0,21,6 - R1,20,7 - "
211,655,27,0x70c9666b338795ddab8f4bd67f580b1d9234b8dc,"R0,19,7 - "
212,677,25,0xf3d9873ea01e6c05a317774ef59cc8a9314c9e77,"R0,21,3 - "
213,522,22,0xf3fbb2c0a711529ef9b81fe59a5ef5b8f1e0eb27,"R0,4,3 - R0,18,6 - R1,15,11 - "
214,561,22,0x4be9c62014789de188d8379aff628f279e4993b2,"R0,15,4 - "
215,758,22,0x0e93ad7c720177d4e2c48465c83a50579bd521c1,"R0,14,6 - R0,16,5 - R1,20,7 - "
216,569,21,0xc278592e0566075bd3e32b139c4ea768904f93fd,"R0,15,5 - R1,31,14 - R1,23,9 - "
217,710,18,0x00000000051cbce3fd04148cce2c0adc7c651829,"R0,0,0 - R0,3,1 - "
218,764,18,0x275b0b1f5fae1dd696abf1cdbe7506723e14a3aa,"R0,39,13 - R1,22,8 - R2,12,10 - "
219,800,18,0xd41cb1fd502753ab4a3a76bdcf097450787d199a,"R0,8,4 - R0,3,2 - R0,18,5 - R1,3,8 - "
220,616,15,0xf746a85e0e1a8f5e9e5c221135faca5adf71eb14,"R0,21,7 - "
221,657,15,0xc567b935646715ad86f04ac1cf91ac7379fc21bb,"R0,0,0 - R0,0,0 - R0,0,0 - R0,0,0 - "
222,823,15,0x274b3608f837f9102cccc89ed2312299e3fd9fe5,"R0,0,0 - "
223,526,13,0xe2de15659663f7024699e1e573c033e2efd5bcb1,"R0,0,0 - "
224,598,13,0x679675525ae146afe1699cc5f3bdf9a9a8333308,"R0,0,0 - "
225,619,13,0xc72a72d323d9b51032ebe857ed72d26794cab91a,"R0,0,0 - R0,5,2 - "
226,604,12,0xfddc55ecd81e0fe5838fa4bc9c78a3604d882f45,"R0,0,0 - "
227,617,12,0x5f9ce0c2804af2a678d33e3617ee829c00ef6be0,"R0,17,5 - "
228,814,12,0x9e8b8781dfb2411d938938b723ecb2bc5cd168ca,"R0,0,0 - R0,0,0 - R0,0,0 - R0,0,0 - "
229,625,11,0x63f1be2154303d2b783ef6a101d12026a6ef00bc,"R0,0,1 - R0,0,0 - R0,16,6 - "
230,687,11,0xc8e35d512d14f45ad8b34d1c279a1227de764ac1,"R0,0,0 - "
231,779,10,0xb1b3a152bf6eb821aa5fb9c3c0cd2adb5cd93169,"R0,0,0 - "
232,793,9,0x3cbf3d4442d1c87498c36484e0228ee1dbc95ec0,"R0,0,0 - "
233,813,9,0x699681ee2bdb23d0085a84ea854849fc224823dc,"R0,0,0 - "
234,704,8,0xc19b1823923d5938727cc68de8f48fcd495af92a,"R0,0,0 - R0,15,7 - "
235,708,6,0x4d5bf05e1b2a0c8e89521b87ceb7770a4ada58ef,"R0,0,0 - "
236,773,3,0xff3d5608b291c000ad70965848af4910fda1515d,"R0,0,1 - "
237,783,3,0xc59a138f8155fd29b41c366dc1cbddbf61e44a34,"R0,0,0 - "
238,580,2,0x662cac7901fcd492f2f5f113e421aa049f1239ff,"R0,0,0 - "
239,592,2,0x9c6f933f9ed76a8b4169f1264750ea1808e47009,"R0,0,0 - "
240,593,2,0x98b238ba4dac6cac74e11dfde1082cf809f3c9f1,"R0,0,0 - "
241,662,1,0x1067f7ea36dac0c3bbefa3c4f7b1ee6b4d0f5c16,"R0,29,7 - R0,80,0 - R0,999,0 - "
242,540,0,0xd52a4333bd8cc9ab3c77df19ded4900b7849a07d,"R0,6,7 - "
243,650,0,0xa0fe03a823c99c8ec3905f8f9b02e32f7b97feeb,"R0,17,9 - "
244,792,0,0x2848b9f2d4faebaa4838c41071684c70688b455d,"R0,35,16 - R1,15,13 - "
245,841,0,0x1a760e3a431c8b9c075ed1280c8835a1a0f1651b,"R0,2,2 - "