#,What is your Ethereum address? ,Which Aavegotchi ID would you like to receive your XP?,Response Type,Start Date (UTC),Stage Date (UTC),Submit Date (UTC),Network ID,Tags
58g1zrrfvon8unxisk58g1zuht97lkn3,0xC727Bff1962590C71A6CB56C6D11F37beE740A5D,19221,completed,2024-03-26 14:17:43,,2024-03-26 14:18:14,8337c0c55c,
nqdebtr1nu0o0x8t1cnqdebt2zx2iaby,0x2127AA7265D573Aa467f1D73554D17890b872E76,#22899,completed,2024-03-23 23:20:02,,2024-03-23 23:21:23,9a558c9702,
tqfwb6c1sdhun69itqfv33f54m3mvy73,0xAA521710653CDAB5e9cE755e26c1aD73f8bCf14E,4678,completed,2024-03-23 13:14:06,,2024-03-23 13:15:25,dd63d39584,
8rukuj30afkdzbb9xc8rukuj320zjr6v,0xba39C047714B4CA6244Dc433D3AE3924691e0171,14285,completed,2024-03-22 20:45:50,,2024-03-22 20:46:48,4bd908ce88,
95kr348p5epfyg9ty64gy95kr32axr8p,0xfFea5a2cfAF1AaFbB87A1FE4eED5413DA45C30a0,22664,completed,2024-03-22 20:16:43,,2024-03-22 20:23:34,3432362159,
j5r9okuerlx3tnks0sj5r9op2vyaflrg,0x8B200F4c81c54d9014B4cDA3F16501069FA20Ab9,9349,completed,2024-03-22 15:50:03,,2024-03-22 15:51:41,5615d02d3e,
2td99mvwf0r3wnhqaqys2rm2td99m8yj,0x3bd59eD16c462b4464091830DAB828dce079076f,3475,completed,2024-03-22 14:43:44,,2024-03-22 14:44:21,90537a375f,
argb4idz7k0hvayb2vxc40bvargb4ijj,0x748a9FB91ADE6d9CD48AB1D1AF6F4c27620B703C,12219,completed,2024-03-22 14:02:35,,2024-03-22 14:03:24,4b9146c76b,
k91hb8ur0z9zuboqv6k91hbczezlx8wh,0xa9465D03BA38726277B3E478AC98Aa063A0c8D0a,17444,completed,2024-03-22 13:46:31,,2024-03-22 13:51:31,93a4affce7,
65f2bxxiytqe9mpxs65f2bei4ayt757s,0xc6F292c074E40094f1ef0Fe2C3CB8a2842E3fcaB,#23421,completed,2024-03-22 12:43:25,,2024-03-22 12:47:14,8ce4dd9ba2,
5nzs79agep9mg5nzdnwqtxsopd716vuo,0x7f57a1F24462A233E9E1f8F5f050aB3bC4b8da8e,18442,completed,2024-03-22 10:56:25,,2024-03-22 11:00:23,507f3428e0,
3jc9c39hx6novrozxtcxtx3jc9c39oba,0x180f207F8747a966EC94277a69610162D7FA3FF1,8863,completed,2024-03-21 23:15:45,,2024-03-21 23:16:24,8bc341e99e,
u1yugmurahaxnapr0u1yu0jhtpi4joh7,0x80FA17C54852956aEC55c3AC82580431B1D1A30C,23065,completed,2024-03-21 20:49:58,,2024-03-21 20:50:05,5d7d5d030e,
julc1g2otnkoufmn3hwkijulc1g224xj,0xad8942eb2964159F225B8d1885d938DE30A6046B,23065,completed,2024-03-21 20:49:36,,2024-03-21 20:49:47,5d7d5d030e,
4aysfldjmazzoq4aysqk4c6guoajlj8m,0x85A4309BAA836aD9dFd972DCef2B6D82Cf5f4db8,23065,completed,2024-03-21 20:49:23,,2024-03-21 20:49:30,5d7d5d030e,
je1hduuq7uloctsv16rije1hd0y8b0p7,0x53bb5ED0DFb716D624Bce4146fCc5b20cd855b16,23065,completed,2024-03-21 20:49:05,,2024-03-21 20:49:13,5d7d5d030e,
s6zk2xe0dv4maljj16s6zk2ngs8c22za,0xd0e859834b44602Dba0CF6f5991F84717bA9763d,23065,completed,2024-03-21 20:48:48,,2024-03-21 20:48:54,5d7d5d030e,
fmo7vmq6v6sob1c7bfmov8k1h4559mqb,0x0EfE5a714A5E0e542A3f66D4EfaC0B6Fa2f91DDc,23065,completed,2024-03-21 20:48:32,,2024-03-21 20:48:39,5d7d5d030e,
sa7goh50x3k5jdsau49ssvoqid835s5u,0xBb819D1d20204E03845d2B4379213Cc7abcB7E3d,23065,completed,2024-03-21 20:48:17,,2024-03-21 20:48:25,5d7d5d030e,
olxtmjsgrkolxtmuxroc7acsn0are1iu,0x75E7D4cfbEaaBDd46ce9753B545a9e37D5b4a109,23065,completed,2024-03-21 20:48:00,,2024-03-21 20:48:08,5d7d5d030e,
y09e92ex4s6b1gamzgxkly09e9i6roa4,0xa0aA4cb707F7276bf7a5c40b04bad3B26789f154,23065,completed,2024-03-21 20:47:45,,2024-03-21 20:47:53,5d7d5d030e,
6wualbt496my9dlo8aj6wuavio9c0la1,0x9BAF2CeeC92Dd84b36EF8AcFC4d7418f310fF510,23065,completed,2024-03-21 20:47:29,,2024-03-21 20:47:37,5d7d5d030e,
jcvvejup1b70uol5jcvve7mjfgdgwj76,0x4164e3A30701140196b9E53d9eB0A15bF8C268d0,23065,completed,2024-03-21 20:47:09,,2024-03-21 20:47:21,5d7d5d030e,
1xn9iqiqf4qgxajmj8rx1xn9iqiq9309,0x73ED2170035c9A36Aa0D1B475d3830748137A199,23065,completed,2024-03-21 20:46:39,,2024-03-21 20:46:53,5d7d5d030e,
kwzwt21zvhaeyy052lkamegzkwzwt38w,0x1EdAd46Bd2b4e2E5B3362178bCC7DB47CA05B9a5,23065,completed,2024-03-21 20:44:38,,2024-03-21 20:44:50,5d7d5d030e,
yorpd1fslm3b2leyorpd1hy8whfemd0y,0x59E9F8f07F9D339C48c8521af341A1A2337a9E22,23065,completed,2024-03-21 20:43:22,,2024-03-21 20:44:07,5d7d5d030e,
mns4zedzhr73dmbn9zmns4u4s18mm1hl,0x0ffE9a4dc141bFF38e667906bBe377b3ed7c2159,6605,completed,2024-03-21 15:25:26,,2024-03-21 15:26:49,353c8e2ce3,
kntl015ebdy0w3a1knt3u7ihaa453an7,0x4502eEAA125eb06ff525Bfcacdb5483e9678693D,#13425,completed,2024-03-21 06:49:09,,2024-03-21 06:49:50,8fb943da98,
6ijbmn5i49fw3o46ijbbft96v2197siq,0x3ca2E945a3bc25399c75f49e9e45D34d897c1041,#13425,completed,2024-03-21 06:47:24,,2024-03-21 06:48:56,8fb943da98,
iqu43j987vw7l02jfame8kiqu43j99b1,0x296ecbbea7df97b1def2996bc2d727bad8515bb2,6324,completed,2024-03-21 00:35:09,,2024-03-21 00:35:30,254dcb9e11,
af4f4ti3y71iqb7pdaaf4diutcp2mbf9,0x072B96cF92Aa03f453CcFb114A166D11f88A3414,6324,completed,2024-03-21 00:30:16,,2024-03-21 00:30:28,254dcb9e11,
lsptlpthwvrfhksrhgjnlsptfh0wvxks,0xfb5348C2A75Ce1Af44a5fFdF15d812F44D57C00f,5583,completed,2024-03-20 23:29:28,,2024-03-20 23:29:36,99e8153890,
jmod3ltha6xzctjmodn48gfgpm75gm6q,0x1ACe127B971aFcc8eCbbF72CA512DC536755878B,5583,completed,2024-03-20 23:28:51,,2024-03-20 23:28:59,99e8153890,
5cfenwh8cin37zgrr5cfenk8f6xv4li2,0x713C19611fbe9f9cE8E6a0e0eD195f5621d6b8f5,5583,completed,2024-03-20 23:28:25,,2024-03-20 23:28:34,99e8153890,
gjajvsgyc883jfuu2gjai438rmvbwq6f,0xd631d806D3f6168dF01a86BE0Ecb4608833EDB6a,5583,completed,2024-03-20 23:27:56,,2024-03-20 23:28:11,99e8153890,
v34x2a1ko1w1aq2zu0kv34x2a1hd9ks8,0xdB698C81aBb749038a208036893e1B4Da0AeB6Df,5583,completed,2024-03-20 23:27:40,,2024-03-20 23:27:48,99e8153890,
h4crjkg4cix91kx0cm44h4crjpszhzij,0xB549c8D4F294D85aA55E4dd138f3b6f46cB1781D,5583,completed,2024-03-20 23:27:21,,2024-03-20 23:27:28,99e8153890,
8czvwyev41ktwmn3ybfe8czvwy78cuxp,0x144198BBb6ba029499Ea601A801cd6e6e9dA0fcc,5583,completed,2024-03-20 23:27:01,,2024-03-20 23:27:08,99e8153890,
xmqrbjxd4j9hsorgcobzxmqrb0s7ix6x,0x619C0C0F7e3325C1801FAFD87d88D2bcBe68cC16,5583,completed,2024-03-20 23:26:42,,2024-03-20 23:26:50,99e8153890,
r6vx0sir7257zzq062qr6v4okc477w7l,0x5fD2441C5e58246b72F9Dcf0ECAD19e5B508b3bE,5583,completed,2024-03-20 23:26:23,,2024-03-20 23:26:31,99e8153890,
gf2ypidtesfnnj0bgf2gc3lc090u3kr8,0x66B3E67F862688Dd2334373db4bfDA4A0dDF5c9b,5583,completed,2024-03-20 23:26:03,,2024-03-20 23:26:11,99e8153890,
3wik0tsfvnqxp7t3wik5v6vp07mdi19v,0x09037754E6CdA9b5231899c99a43074a174fD65e,5583,completed,2024-03-20 23:25:36,,2024-03-20 23:25:49,99e8153890,
8kls83wkyfe1c2r8kls8di0m4tjgb7ol,0xcA5e0a347BE74E6E10C35580F32582dc03C44C91,5583,completed,2024-03-20 23:25:15,,2024-03-20 23:25:23,99e8153890,
7qmej8a16m575odq7qmej8bg4xt0omx1,0xDc1Fb858860Cc646F967aBD876AE5f5e2B206358,5583,completed,2024-03-20 23:24:48,,2024-03-20 23:25:00,99e8153890,
kaj6g0oc0wnf8tk9gr1kaj647womjrv0,0xA4D505c676bE114CcAC3fb3185abb4029F8E3740,5583,completed,2024-03-20 23:24:30,,2024-03-20 23:24:37,99e8153890,
cub1b4fy5pgi3xqcub1be2ylm7y2mhge,0xABe44Ca97713943dEf531f737862d6ccd881CcF2,5583,completed,2024-03-20 23:24:10,,2024-03-20 23:24:17,99e8153890,
oakys061qr7e61z10oakys02lssmzb4d,0x6E5c75C55b929375fd34aEd12C898397D5Ed31F2,5583,completed,2024-03-20 23:23:47,,2024-03-20 23:23:55,99e8153890,
gt0adlbxzsc614yc4xige2kgt0ad6pt9,0x0818ce774301B621A263440fa8e7F060b534D323,5583,completed,2024-03-20 23:21:12,,2024-03-20 23:21:21,99e8153890,
vb5odirc12euczvb5oyyh2lm23l43yit,0xB608adD381A1D76a287D4Aa6D18027e92cbdd30E,5583,completed,2024-03-20 23:20:53,,2024-03-20 23:21:01,99e8153890,
gcdslpq5e3ix0x9obefgcdslco01i61l,0x57dC856be9B18601ddeB1087890AaF902eFd6d96,5583,completed,2024-03-20 23:20:33,,2024-03-20 23:20:40,99e8153890,
xz4t359bozcs504k6k8xz4t3trnw3qzs,0xCE6135847f9A281157e4D211Fde48BEea731feA1,5583,completed,2024-03-20 23:20:12,,2024-03-20 23:20:19,99e8153890,
4sttnoblwu7dbj44sttnc1rc8vydvqym,0x3493720323261Add5aEa17cf7D0E177452395B2B,5583,completed,2024-03-20 23:19:46,,2024-03-20 23:19:54,99e8153890,
01hniyvp7ifa0hu8bt01hniyvhflada5,0xe921675B6e9FD74cf8987356c95Ce7F3523c12e9,5583,completed,2024-03-20 23:19:25,,2024-03-20 23:19:33,99e8153890,
wgnh21y24sevzxxdr4zvitwgnh21tdwg,0xc437fd1dF3E2A1cA51a725c7a889806D36dB7885,5583,completed,2024-03-20 23:19:06,,2024-03-20 23:19:14,99e8153890,
cmatzbxzykughhhntamcmatzbqlgd7eg,0x7b6662098716924b9CA2df64f79C7e385316FC21,5583,completed,2024-03-20 23:18:40,,2024-03-20 23:18:55,99e8153890,
tzkv90sn0ive1a8q5q2amb6tzkv90sn0,0xF2CfC37A6B8655E90b2B317e7d8712dF7935203D,5583,completed,2024-03-20 23:18:15,,2024-03-20 23:18:32,99e8153890,
bctgfh7s8349cehhpq9ubctgisjo6gjq,0xB0BbC2927921b4A7EDA5be774E011D87DABa52aB,5583,completed,2024-03-20 23:17:51,,2024-03-20 23:18:07,99e8153890,
5yh68k896ofodiz765yh683p751b7czv,0x1660c92FC1314e0A9A813f9e1578F794a29A8c47,5583,completed,2024-03-20 23:17:26,,2024-03-20 23:17:41,99e8153890,
o3vqo1zf5friqnmg2amo3vqo1ltksnal,0x8396E7904F447C1745068FE52051E41d04f9d1eF,5583,completed,2024-03-20 23:17:12,,2024-03-20 23:17:20,99e8153890,
71f0n9sjjfzd94fg71f0n9r7p82v6vjs,0x78fC1B1b4CF9596621d7990b52e32c83B17A9866,5583,completed,2024-03-20 23:16:30,,2024-03-20 23:16:55,99e8153890,
keubbdtgnga2fkm99m4keubgu7x9u2te,0x04Be76987a78222B513924CbbED639Dbe2914774,5583,completed,2024-03-20 23:16:07,,2024-03-20 23:16:23,99e8153890,
n7vns7pnmcrgm3z4yn7vns7dvfm4f3vm,0xeDBf594514fb29BE963dCD22c906C57636B2A39d,5583,completed,2024-03-20 23:15:45,,2024-03-20 23:15:58,99e8153890,
eguxslyie7t76cncxaib6eguxslyvt51,0x187D9a7628883b867D11F37e463B71335F5Af32e,5583,completed,2024-03-20 23:15:21,,2024-03-20 23:15:39,99e8153890,
gx01y3454pw37jjfsvgx01y5v49at9uj,0xAA45dfFCEd3E4D3C0170CB1a03A44Edc17ebcA49,5583,completed,2024-03-20 23:14:59,,2024-03-20 23:15:14,99e8153890,
ho2qgkiyk9ix3xctcbkpn75xho2qgkix,0x0bBd998E2a7F409Cd54ea16FA1cD880E0c45656c,5583,completed,2024-03-20 23:14:36,,2024-03-20 23:14:51,99e8153890,
6az5bb3h7nsi2s6azd10uahe8nx3ainb,0xFB4eD6e83311cAa7605F4a264bADc88Fd64fcF3f,5583,completed,2024-03-20 23:14:13,,2024-03-20 23:14:27,99e8153890,
w0laojou2cy0npoa8w0laozv0d5r56bv,0x5AdA99319D2E2e20692cb729f954E603a18A0a63,5583,completed,2024-03-20 23:13:18,,2024-03-20 23:14:05,99e8153890,
zzql0d56lacte3f9zzql0rm64cjnvg6i,0x5AdA99319D2E2e20692cb729f954E603a18A0a63,5583,completed,2024-03-20 23:12:53,,2024-03-20 23:13:08,99e8153890,
ll6xjea7popfyo0s7zll6xjejjd3zlqm,0x299290CE28cA275c6522AFdddA5dCeA94A52e542,5583,completed,2024-03-20 23:12:23,,2024-03-20 23:12:42,99e8153890,
bj3ewu5dz0h602ohl8ld2ibj3ewko98x,0x5C46552990b6DfDBFcF8ea61Ab0d12202b84B520,5583,completed,2024-03-20 23:11:58,,2024-03-20 23:12:16,99e8153890,
h79cyfua9mfp43wnah79cyfxybr71iss,0x6f7A06049186f3b8Be5dc3e4a9029B51Db3B8cA5,5583,completed,2024-03-20 23:11:31,,2024-03-20 23:11:48,99e8153890,
togl2fgdhei2qp2retogl2fgyu8vi4ln,0x39Cb5f9cE06948a715538cD755e1c9005e9a02Cf,5583,completed,2024-03-20 23:11:17,,2024-03-20 23:11:25,99e8153890,
rdo9lnlfvc66rwim9h8dm5rdo9lnlfoz,0xC1F587f72F5BbD96b3b307f4AF940075D0cFF6f1,5583,completed,2024-03-20 23:10:45,,2024-03-20 23:11:04,99e8153890,
th0d322o4nh9m1trnfrpth0d34u59g7n,0x0666D13a29015cCEbf650271F48421c183cF029a,5583,completed,2024-03-20 23:10:09,,2024-03-20 23:10:33,99e8153890,
qom3iw0dkl32t3eerl94hqom3iw0d85z,0x9A2a6B06ba5FfF74e66366F5E13Aef2d3f8505D5,5583,completed,2024-03-20 23:09:33,,2024-03-20 23:10:03,99e8153890,
c5kkqvj1aouz2m9yc5kkiahgusdgr2ka,0x01017Ad3aa64924712c42F60642FA4cc3D16b72B,5583,completed,2024-03-20 23:09:11,,2024-03-20 23:09:25,99e8153890,
ht5l5arb5phk72t35ofn0mht5l5aihp1,0x3437c5948c5AA594D7BDE8aefd87c549c1B24ca0,5583,completed,2024-03-20 23:08:56,,2024-03-20 23:09:04,99e8153890,
gwoha38nqyr8pseb6uaggwoha380sxy7,0xeD5c14D164464Fcb8104827abDA8a9373C44B8F3,5583,completed,2024-03-20 23:07:04,,2024-03-20 23:08:40,99e8153890,
emjfaa1hxocwyemjfqgy8qxyx768o4hc,0xeD5c14D164464Fcb8104827abDA8a9373C44B8F3,5583,completed,2024-03-20 23:06:25,,2024-03-20 23:06:55,99e8153890,
52iox1him05dcsdvjsf52iog2svu9val,0x6255732758d5f5E20B4a9018b9022F39559662bA,5583,completed,2024-03-20 23:06:11,,2024-03-20 23:06:19,99e8153890,
n7vebd1ozlidur8xwl0n7veoe4qvotl9,0x7D855f3F4145F59Be4D708312B6C268B9a2D022C,5583,completed,2024-03-20 23:05:36,,2024-03-20 23:05:58,99e8153890,
tov1zass4rbsjhpj29n783tov1r8wvm5,0x33B5f091d1f91289c80fCFD382A1FfC500934212,5583,completed,2024-03-20 23:04:48,,2024-03-20 23:05:19,99e8153890,
et6mhmmtv503mfyuaet6mhmqsvljwrvb,0x65E24aF71B7b00F922635D8077Ae2D4e4Aa52f8D,5583,completed,2024-03-20 23:04:20,,2024-03-20 23:04:27,99e8153890,
894c4j4tkds9jth30gmo894c4z3mw9ow,0xc4d3848cc3617F383f364a395BCCAa9F31fCE255,5583,completed,2024-03-20 23:03:52,,2024-03-20 23:04:04,99e8153890,
ncq6s53wx2jb2mcbncq6ayit7p0ikxtq,0xC25Ca005e83abd0645AD2a73C9d438E9cfB7c5D7,5583,completed,2024-03-20 23:03:21,,2024-03-20 23:03:33,99e8153890,
cjp2g8smd3rbj2448l4cjp2gu6g9xy9r,0x1d8Ee972Bb40108Cb22AC43b192df2eA2eeca474,5583,completed,2024-03-20 23:02:53,,2024-03-20 23:03:09,99e8153890,
mwjvpy9nuhjf6x5h8ymwjvvqfhv1rhqz,0xD88853dAA77730E6a16b6ACdED79fE972F13eAe2,5583,completed,2024-03-20 23:02:24,,2024-03-20 23:02:44,99e8153890,
nbg7sy9kuru9yihonunbg7sdqt0y0538,0x2bD5A692146513F1026FDd95DD67E39D27c2A8A2,5583,completed,2024-03-20 23:02:05,,2024-03-20 23:02:16,99e8153890,
8esd72n7ws9nozi8esd7ncop3n2j6325,0x9F43805958bE276CFE54Dc0c90df6b14d0580eDb,5583,completed,2024-03-20 23:01:37,,2024-03-20 23:01:48,99e8153890,
u9gamjanj3lu7m4u9gay804mgdde5yqq,0xc0a05B745b45A5715eBB2443CF849693f74aF03E,5583,completed,2024-03-20 23:01:12,,2024-03-20 23:01:23,99e8153890,
s3rgwl1dsxgvmx0mruss3rg16hh00wd0,0x493Ab28bfB0CcacE65daaD89C75198E0b8e266e8,5583,completed,2024-03-20 22:59:42,,2024-03-20 23:00:40,99e8153890,
y28eye9n16o7ams00svy28eskgr7ct8v,0x493Ab28bfB0CcacE65daaD89C75198E0b8e266e8,5583,completed,2024-03-20 22:58:54,,2024-03-20 22:59:22,99e8153890,
y1xspuxs3srder3ly1xs6nwl39x7yf7h,0x0944a437Bf7Eba1F9E592B277FEFb4eA94Ba172d,5583,completed,2024-03-20 22:58:29,,2024-03-20 22:58:38,99e8153890,
t54snhr92elr2vg0f2t54s6srjnd413s,0x0944a437Bf7Eba1F9E592B277FEFb4eA94Ba172d,5583,completed,2024-03-20 22:57:54,,2024-03-20 22:58:06,99e8153890,
nebo4lj7yasgfgqnebo6qw30hm9l8qb9,0x45A270E0C40E9Bd59C8a7786f87ea2C2DdAf2d2C,5583,completed,2024-03-20 22:56:57,,2024-03-20 22:57:11,99e8153890,
o64rayxb57bhk5c1rxo64rap5mqu1lmh,0xd70a2c39457b24c98174374598fD32Bf0CC57A9b,5583,completed,2024-03-20 22:55:01,,2024-03-20 22:55:50,99e8153890,
in30ozly3py9l7rin30faqylugrlb4ky,0x618C121B12c944c9532fc2C1B5f8Ac06D2E8c16a,5583,completed,2024-03-20 22:54:17,,2024-03-20 22:54:51,99e8153890,
t7t86x8y4fmb3kp0t7t865q85bfnitty,0xFA2Ac8b28BC80fb193c9C8F3Cc4aFb99AE80F932,5583,completed,2024-03-20 22:53:50,,2024-03-20 22:54:08,99e8153890,
nv9s5nnftj99hywnepnv9s5ngju10ijc,0x2dfDE5D9736ea1b3e40ccd6e0F5449a15a59A5ba,5583,completed,2024-03-20 22:52:58,,2024-03-20 22:53:22,99e8153890,
jadtl17732cxuhd148vp6jadtl17ybwl,0x1bE9504356cfbC83727d479861191E9F7bE824A1,5583,completed,2024-03-20 22:51:50,,2024-03-20 22:52:29,99e8153890,
8thrjhky5v3khvy9grxggw8thrjh7vt3,0x023085e6979B7A08caA341DeEcF29484684f9109,5583,completed,2024-03-20 22:49:29,,2024-03-20 22:51:28,99e8153890,
rzw05b1o2o5hgafwrzw05bf6cvo19xl0,0xa9A0C84Fe5780d5a5C67cc14165b546F8eC6DCAb,16154,completed,2024-03-20 21:06:37,,2024-03-20 21:08:46,0d83b80d2c,
cwgbhjuy67fb2yikocwghrksdn2wyxx2,0xc0C3a547231ea6aeBC543826bC55895B015467b3,22998,completed,2024-03-20 20:34:04,,2024-03-20 20:35:55,b0dca6d315,
ztusggchx1csfhlrmhuxiztusax8v6nc,0xE2caE44331420F6339D449E2239E1397C1821a1d,Scavenger,completed,2024-03-20 16:34:32,,2024-03-20 16:35:09,984dd62354,
hm5r7s4yg4rrbrdchm5rt22yrz97qjbq,0xc89A3292Eb0a8396A2505deB6195AFA7f83A8A30,9673,completed,2024-03-20 16:28:33,,2024-03-20 16:28:57,b4595b4250,
x6gp99i62mab694rvrrj06x6gp99i61o,0x0563bfA0C2EA97895047c3C1686A39887B57b0C4,4597,completed,2024-03-20 15:58:19,,2024-03-20 16:01:52,09a0fb490c,
oqhgfd3gygfvd86j7oqhgf87mj70w432,0x96Fe6681b5b8bE0C5d6e8EB690ADEc7Ecb0831C9,19937,completed,2024-03-20 15:44:35,,2024-03-20 15:45:02,d632d8f32a,
gkjnq0xwcu6fthjvcgkjnof95fdsbjvk,0xa532F169ceE0e551D4Da641031Ac78fd85461035,23795,completed,2024-03-20 15:40:41,,2024-03-20 15:41:21,3a6019e8dd,
fpzrucotfuwecle39fpdaldbjzinnf5l,0x96Fe6681b5b8bE0C5d6e8EB690ADEc7Ecb0831C9,19937,completed,2024-03-20 15:37:32,,2024-03-20 15:38:58,d632d8f32a,
bvt771g85dlsbvt7kkuxcdycl4mnyizp,0xe1690f5153aD0BBc683964aA81645C49b3cF6567,22307,completed,2024-03-19 21:57:28,,2024-03-19 21:57:53,92a3d0a5d2,
xf2truzde7jr17htmxf2trog0x8s8ohf,0x3bd59eD16c462b4464091830DAB828dce079076f,3475,completed,2024-03-19 14:30:06,,2024-03-19 14:31:11,90537a375f,
hpurk6887lsaxdb7awc7hpurwm9j02be,0x4eDb4161D16c89b71Aec027930a943c3d4cf0777,5583,completed,2024-03-19 02:57:35,,2024-03-19 02:59:02,99e8153890,
q53cf6pinyqcmgq53c8spr64cljuw23b,0xE1bCD0f5c6c855ee3452B38E16FeD0b7Cb0CC507,7304,completed,2024-03-18 22:46:05,,2024-03-18 22:47:46,81926691bb,
2gwnmxa7yu7jjdx9iu2gwnzwvyqthq4p,0x4ca790b2C94Af33009F5E7E2A419d766d77AA88A,4678,completed,2024-03-18 19:38:46,,2024-03-18 19:39:11,16d796b22b,
0z46shl24olyyadwvz0z46s9f2fa1o1o,0x9730299b10A30bDbAF81815c99b4657c685314AB,5369,completed,2024-03-18 13:33:03,,2024-03-18 13:33:23,31bd9accb1,
3lkm0s00fa802p4b3on3lkm5469f5e9m,0xC3c2e1Cf099Bc6e1fA94ce358562BCbD5cc59FE5,7654,completed,2024-03-13 02:26:23,,2024-03-13 02:27:18,dfe255fc85,
